date,first,second,immunity,ivvfirstEstimate,ivvsecondEstimate,ivvimmunityEstimate,vfirstEstimate,vsecondEstimate,vimmunityEstimate,vvfirstestimate,vvsecondEstimate,vvimmunityEstimate,vifirstEstimate,visecondEstimate,viimmunityEstimate,vivfirstEstimate,vivsecondEstimate,vivimmunityEstimate,viifirstEstimate,viisecondEstimate,viiimmunityEstimate,viivfirstEstimate,viivsecondEstimate,viivimmunityEstimate,viiifirstEstimate,viiisecondEstimate,viiiimmunityEstimate,gonetofour,gfivetonine,galladults
13/12/2020,86215,0,0,0,0,0,0,0,0,0,0,0,0,0,0,0,0,0,0,0,0,0,0,0,0,0,0,14600000,31800000,52800000
14/12/2020,170155,0,0,0,0,0,0,0,0,0,0,0,0,0,0,0,0,0,0,0,0,0,0,0,0,0,0,14600000,31800000,52800000
15/12/2020,254096,0,0,0,0,0,0,0,0,0,0,0,0,0,0,0,0,0,0,0,0,0,0,0,0,0,0,14600000,31800000,52800000
16/12/2020,338036,0,0,0,0,0,0,0,0,0,0,0,0,0,0,0,0,0,0,0,0,0,0,0,0,0,0,14600000,31800000,52800000
17/12/2020,421977,0,0,0,0,0,0,0,0,0,0,0,0,0,0,0,0,0,0,0,0,0,0,0,0,0,0,14600000,31800000,52800000
18/12/2020,505917,0,0,0,0,0,0,0,0,0,0,0,0,0,0,0,0,0,0,0,0,0,0,0,0,0,0,14600000,31800000,52800000
19/12/2020,589858,0,0,0,0,0,0,0,0,0,0,0,0,0,0,0,0,0,0,0,0,0,0,0,0,0,0,14600000,31800000,52800000
20/12/2020,673798,0,0,0,0,0,0,0,0,0,0,0,0,0,0,0,0,0,0,0,0,0,0,0,0,0,0,14600000,31800000,52800000
21/12/2020,720817,0,0,0,0,0,0,0,0,0,0,0,0,0,0,0,0,0,0,0,0,0,0,0,0,0,0,14600000,31800000,52800000
22/12/2020,767836,0,0,0,0,0,0,0,0,0,0,0,0,0,0,0,0,0,0,0,0,0,0,0,0,0,0,14600000,31800000,52800000
23/12/2020,814855,0,0,0,0,0,0,0,0,0,0,0,0,0,0,0,0,0,0,0,0,0,0,0,0,0,0,14600000,31800000,52800000
24/12/2020,861873,0,0,0,0,0,0,0,0,0,0,0,0,0,0,0,0,0,0,0,0,0,0,0,0,0,0,14600000,31800000,52800000
25/12/2020,908892,0,0,0,0,0,0,0,0,0,0,0,0,0,0,0,0,0,0,0,0,0,0,0,0,0,0,14600000,31800000,52800000
26/12/2020,955911,0,0,0,0,0,0,0,0,0,0,0,0,0,0,0,0,0,0,0,0,0,0,0,0,0,0,14600000,31800000,52800000
27/12/2020,1002930,0,0,0,0,0,0,0,0,0,0,0,0,0,0,0,0,0,0,0,0,0,0,0,0,0,0,14600000,31800000,52800000
28/12/2020,1056368,0,0,0,0,0,0,0,0,0,0,0,0,0,0,0,0,0,0,0,0,0,0,0,0,0,0,14600000,31800000,52800000
29/12/2020,1109805,0,0,0,0,0,0,0,0,0,0,0,0,0,0,0,0,0,0,0,0,0,0,0,0,0,0,14600000,31800000,52800000
30/12/2020,1163243,0,0,0,0,0,0,0,0,0,0,0,0,0,0,0,0,0,0,0,0,0,0,0,0,0,0,14600000,31800000,52800000
31/12/2020,1216681,0,0,0,0,0,0,0,0,0,0,0,0,0,0,0,0,0,0,0,0,0,0,0,0,0,0,14600000,31800000,52800000
01/01/2021,1270119,0,0,0,0,0,0,0,0,0,0,0,0,0,0,0,0,0,0,0,0,0,0,0,0,0,0,14600000,31800000,52800000
02/01/2021,1323556,0,77594,0,0,77594,0,0,77594,0,0,77594,0,0,77594,0,0,77594,0,0,77594,0,0,77594,0,0,77594,14600000,31800000,52800000
03/01/2021,1376994,21905,153140,0,0,153140,0,0,153140,0,0,153140,0,0,153140,0,0,153140,0,0,153140,0,0,153140,0,0,153140,14600000,31800000,52800000
04/01/2021,1508826,70688,228686,0,0,228686,0,0,228686,0,0,228686,0,0,228686,0,0,228686,0,0,228686,0,0,228686,0,0,228686,14600000,31800000,52800000
05/01/2021,1640658,119471,304233,0,0,304233,0,0,304233,0,0,304233,0,0,304233,0,0,304233,0,0,304233,0,0,304233,0,0,304233,14600000,31800000,52800000
06/01/2021,1772489,168253,379779,0,0,379779,0,0,379779,0,0,379779,0,0,379779,0,0,379779,0,0,379779,0,0,379779,0,0,379779,14600000,31800000,52800000
07/01/2021,1904321,217036,455325,0,0,455325,0,0,455325,0,0,455325,0,0,455325,0,0,455325,0,0,455325,0,0,455325,0,0,455325,14600000,31800000,52800000
08/01/2021,2036153,265819,530872,0,0,530872,0,0,530872,0,0,530872,0,0,530872,0,0,530872,0,0,530872,0,0,530872,0,0,530872,14600000,31800000,52800000
09/01/2021,2167985,314602,606418,0,0,606418,0,0,606418,0,0,606418,0,0,606418,0,0,606418,0,0,606418,0,0,606418,0,0,606418,14600000,31800000,52800000
10/01/2021,2299816,363384,648735,0,0,648735,0,0,648735,0,0,648735,0,0,648735,0,0,648735,0,0,648735,0,0,648735,0,0,648735,14600000,31800000,52800000
11/01/2021,2431648,412167,691052,2431648,412167,691052,2431648,412167,691052,2431648,412167,691052,2431648,412167,691052,2431648,0,691052,2431648,412167,691052,2431648,412167,691052,2431648,412167,691052,14600000,31800000,52800000
12/01/2021,2639309,428232,733369,2639309,428232,733369,2639309,428232,733369,2639309,428232,733369,2639309,428232,733369,2639309,428232,733369,2639309,428232,733369,2639309,428232,733369,2639309,428232,733369,14600000,31800000,52800000
13/01/2021,2918252,437977,775686,2918252,437977,775686,2918252,437977,775686,2918252,437977,775686,2918252,437977,775686,2918252,437977,775686,2918252,437977,775686,2918252,437977,775686,2918252,437977,775686,14600000,31800000,52800000
14/01/2021,3234946,443234,818003,3234946,443234,818003,3234946,443234,818003,3234946,443234,818003,3234946,443234,818003,3234946,443234,818003,3234946,443234,818003,3234946,443234,818003,3234946,443234,818003,14600000,31800000,52800000
15/01/2021,3559179,447261,860320,3559179,447261,860320,3559179,447261,860320,3559179,447261,860320,3559179,447261,860320,3559179,447261,860320,3559179,447261,860320,3559179,447261,860320,3559179,447261,860320,14600000,31800000,52800000
16/01/2021,3837094,449736,902637,3837094,449736,902637,3837094,449736,902637,3837094,449736,902637,3837094,449736,902637,3837094,449736,902637,3837094,449736,902637,3837094,449736,902637,3837094,449736,902637,14600000,31800000,52800000
17/01/2021,4062501,452301,950731,4062501,452301,950731,4062501,452301,950731,4062501,452301,950731,4062501,452301,950731,4062501,452301,950731,4062501,452301,950731,4062501,452301,950731,4062501,452301,950731,14600000,31800000,52800000
18/01/2021,4266577,456866,998825,4266577,456866,998825,4266577,456866,998825,4266577,456866,998825,4266577,456866,998825,4266577,456866,998825,4266577,456866,998825,4266577,456866,998825,4266577,456866,998825,14600000,31800000,52800000
19/01/2021,4609740,460625,1046919,4609740,460625,1046919,4609740,460625,1046919,4609740,460625,1046919,4609740,460625,1046919,4609740,460625,1046919,4609740,460625,1046919,4609740,460625,1046919,4609740,460625,1046919,14600000,31800000,52800000
20/01/2021,4973248,464036,1095013,4973248,464036,1095013,4973248,464036,1095013,4973248,464036,1095013,4973248,464036,1095013,4973248,464036,1095013,4973248,464036,1095013,4973248,464036,1095013,4973248,464036,1095013,14600000,31800000,52800000
21/01/2021,5383103,466796,1143107,5383103,466796,1143107,5383103,466796,1143107,5383103,466796,1143107,5383103,466796,1143107,5383103,466796,1143107,5383103,466796,1143107,5383103,466796,1143107,5383103,466796,1143107,14600000,31800000,52800000
22/01/2021,5861351,468617,1191201,5861351,468617,1191201,5861351,468617,1191201,5861351,468617,1191201,5861351,468617,1191201,5861351,468617,1191201,5861351,468617,1191201,5861351,468617,1191201,5861351,468617,1191201,14600000,31800000,52800000
23/01/2021,6353321,469660,1240390,6353321,469660,1240390,6353321,469660,1240390,6353321,469660,1240390,6353321,469660,1240390,6353321,469660,1240390,6353321,469660,1240390,6353321,469660,1240390,6353321,469660,1240390,14600000,31800000,52800000
24/01/2021,6573570,470478,1361478,6573570,470478,1361478,6573570,470478,1361478,6573570,470478,1361478,6573570,470478,1361478,6573570,470478,1361478,6573570,470478,1361478,6573570,470478,1361478,6573570,470478,1361478,14600000,31800000,52800000
25/01/2021,6853372,472446,1482565,6853372,472446,1482565,6853372,472446,1482565,6853372,472446,1482565,6853372,472446,1482565,6853372,472446,1482565,6853372,472446,1482565,6853372,472446,1482565,6853372,472446,1482565,14600000,31800000,52800000
26/01/2021,7164387,474156,1603653,7164387,474156,1603653,7164387,474156,1603653,7164387,474156,1603653,7164387,474156,1603653,7164387,474156,1603653,7164387,474156,1603653,7164387,474156,1603653,7164387,474156,1603653,14600000,31800000,52800000
27/01/2021,7447199,476485,1724741,7447199,476485,1724741,7447199,476485,1724741,7447199,476485,1724741,7447199,476485,1724741,7447199,476485,1724741,7447199,476485,1724741,7447199,476485,1724741,7447199,476485,1724741,14600000,31800000,52800000
28/01/2021,7891184,478254,1845828,7891184,478254,1845828,7891184,478254,1845828,7891184,478254,1845828,7891184,478254,1845828,7891184,478254,1845828,7891184,478254,1845828,7891184,478254,1845828,7891184,478254,1845828,14600000,31800000,52800000
29/01/2021,8378940,480432,1966916,8378940,480432,1966916,8378940,480432,1966916,8378940,480432,1966916,8378940,480432,1966916,8378940,480432,1966916,8378940,480432,1966916,8378940,480432,1966916,8378940,480432,1966916,14600000,31800000,52800000
30/01/2021,8977329,491053,2088004,8977329,491053,2088004,8977329,491053,2088004,8977329,491053,2088004,8977329,491053,2088004,8977329,491053,2088004,8977329,491053,2088004,8977329,491053,2088004,8977329,491053,2088004,14600000,31800000,52800000
31/01/2021,9296367,494209,2209092,9296367,494209,2209092,9296367,494209,2209092,9296367,494209,2209092,9296367,494209,2209092,9296367,494209,2209092,9296367,494209,2209092,9296367,494209,2209092,9296367,494209,2209092,14600000,31800000,52800000
01/02/2021,9646715,496796,2209092,9646715,496796,2209092,9646715,496796,2209092,9646715,496796,2209092,9646715,496796,2209092,9646715,496796,2188483,9646715,496796,2209092,9646715,496796,2209092,9646715,496796,2209092,14600000,31800000,52800000
02/02/2021,10021471,498962,2396790,10021471,498962,2396790,10021471,498962,2396790,10021471,498962,2396790,10021471,498962,2396790,10021471,498962,2396790,10021471,498962,2396790,10021471,498962,2396790,10021471,498962,2396790,14600000,31800000,52800000
03/02/2021,10490487,501957,2648326,10490487,501957,2648326,10490487,501957,2648326,10490487,501957,2648326,10490487,501957,2648326,10490487,501957,2648326,10490487,501957,2648326,10490487,501957,2648326,10490487,501957,2648326,14600000,31800000,52800000
04/02/2021,10971047,505993,2933613,10971047,505993,2933613,10971047,505993,2933613,10971047,505993,2933613,10971047,505993,2933613,10971047,505993,2933613,10971047,505993,2933613,10971047,505993,2933613,10971047,505993,2933613,14600000,31800000,52800000
05/02/2021,11465210,510057,3225624,11465210,510057,3225624,11465210,510057,3225624,11465210,510057,3225624,11465210,510057,3225624,11465210,510057,3225624,11465210,510057,3225624,11465210,510057,3225624,11465210,510057,3225624,14600000,31800000,52800000
06/02/2021,12014288,511447,3475871,12014288,511447,3475871,12014288,511447,3475871,12014288,511447,3475871,12014288,511447,3475871,12014288,511447,3475871,12014288,511447,3475871,12014288,511447,3475871,12014288,511447,3475871,14600000,31800000,52800000
07/02/2021,12294006,512581,3678866,12294006,512581,3678866,12294006,512581,3678866,12294006,512581,3678866,12294006,512581,3678866,12294006,512581,3678866,12294006,512581,3678866,12294006,512581,3678866,12294006,512581,3678866,14600000,31800000,52800000
08/02/2021,12646486,516392,3862763,12646486,516392,3862763,12646486,516392,3862763,12646486,516392,3862763,12646486,516392,3862763,12646486,516392,3862763,12646486,516392,3862763,12646486,516392,3862763,12646486,516392,3862763,14600000,31800000,52800000
09/02/2021,13058298,519553,4171797,13058298,519553,4171797,13058298,519553,4171797,13058298,519553,4171797,13058298,519553,4171797,13058298,519553,4171797,13058298,519553,4171797,13058298,519553,4171797,13058298,519553,4171797,14600000,31800000,52800000
10/02/2021,13509108,524447,4499125,13509108,524447,4499125,13509108,524447,4499125,13509108,524447,4499125,13509108,524447,4499125,13509108,524447,4499125,13509108,524447,4499125,13509108,524447,4499125,13509108,524447,4499125,14600000,31800000,52800000
11/02/2021,14012224,530094,4868133,14012224,530094,4868133,14012224,530094,4868133,14012224,530094,4868133,14012224,530094,4868133,14012224,530094,4868133,14012224,530094,4868133,14012224,530094,4868133,14012224,530094,4868133,14600000,31800000,52800000
12/02/2021,14556827,534869,5298647,14556827,534869,5298647,14556827,534869,5298647,14556827,534869,5298647,14556827,534869,5298647,14556827,534869,5298647,14556827,534869,5298647,14556827,534869,5298647,14556827,534869,5298647,14600000,31800000,52800000
13/02/2021,15062189,537715,5741472,15062189,537715,5741472,15062189,537715,5741472,15062189,537715,5741472,15062189,537715,5741472,15062189,537715,5741472,15062189,537715,5741472,15062189,537715,5741472,15062189,537715,5741472,14600000,31800000,52800000
14/02/2021,0,0,#N/A,15499266,550638,5939737,15527205,550638,5939737,15527205,550638,5939737,15527205,550638,5939737,15527205,550638,5939737,15527205,550638,5939737,15527205,550638,5939737,15527205,550638,5939737,14600000,31800000,52800000
15/02/2021,0,0,#N/A,15936344,563560,6191657,15998829,563560,6191657,15998829,563560,6191657,15998829,563560,6191657,15998829,563560,6191657,15998829,563560,6191657,15998829,563560,6191657,15998829,563560,6191657,14600000,31800000,52800000
16/02/2021,0,0,#N/A,16373421,576483,6471656,16477060,576483,6471656,16477060,576483,6471656,16477060,576483,6471656,16477060,576483,6471656,16477060,576483,6471656,16477060,576483,6471656,16477060,576483,6471656,14600000,31800000,52800000
17/02/2021,0,0,#N/A,16810498,589406,6726303,16961899,589406,6726303,16961899,589406,6726303,16961899,589406,6726303,16961899,589406,6726303,16961899,589406,6726303,16961899,589406,6726303,16961899,589406,6726303,14600000,31800000,52800000
18/02/2021,0,0,#N/A,17247576,602328,7125978,17448976,602328,7125978,17453345,602328,7125978,17453345,602328,7125978,17453345,602328,7125978,17453345,602328,7125978,17453345,602328,7125978,17453345,602328,7125978,14600000,31800000,52800000
19/02/2021,0,0,#N/A,17684653,615251,7565068,17936054,615251,7565068,17951399,615251,7565068,17951399,615251,7565068,17951399,615251,7565068,17951399,615251,7565068,17951399,615251,7565068,17951399,615251,7565068,14600000,31800000,52800000
20/02/2021,0,0,#N/A,18121731,628173,8104149,18423131,628173,8104149,18456059,628173,8104149,18456059,628173,8104149,18456059,628173,8104149,18456059,628173,8104149,18456059,628173,8104149,18456059,628173,8104149,14600000,31800000,52800000
21/02/2021,0,0,#N/A,18558808,641096,8391441,18910209,641096,8391441,18967328,641096,8391441,18967328,641096,8391441,18967328,641096,8391441,18967328,641096,8391441,18967328,641096,8391441,18967328,641096,8391441,14600000,31800000,52800000
22/02/2021,0,0,#N/A,18995885,654019,8706883,19397286,654019,8706883,19485203,654019,8706883,19485203,654019,8706883,19485203,654019,8706883,19485203,654019,8706883,19485203,654019,8706883,19485203,654019,8706883,14600000,31800000,52800000
23/02/2021,0,0,#N/A,19432963,666941,9044272,19884363,666941,9044272,20009687,666941,9044272,20009687,666941,9044272,20009687,666941,9044272,20009687,666941,9044272,20009687,666941,9044272,20009687,666941,9044272,14600000,31800000,52800000
24/02/2021,0,0,#N/A,19870040,679864,9466536,20371441,679864,9466536,20540777,679864,9466536,20540777,679864,9466536,20540777,679864,9466536,20540777,679864,9466536,20540777,679864,9466536,20540777,679864,9466536,14600000,31800000,52800000
25/02/2021,0,0,#N/A,20307117,692787,9899242,20858518,692787,9899242,21077854,692787,9899242,21078475,692787,9899242,21078475,692787,9899242,21078475,692787,9899242,21078475,692787,9899242,21078475,692787,9899242,14600000,31800000,52800000
26/02/2021,0,0,#N/A,20744195,705709,10344192,21345595,705709,10344192,21614932,705709,10344192,21622780,705709,10344192,21622780,705709,10344192,21622780,705709,10344192,21622780,705709,10344192,21622780,705709,10344192,14600000,31800000,52800000
27/02/2021,0,0,#N/A,21181272,718632,10838432,21832673,718632,10838432,22152009,718632,10838432,22173693,718632,10838432,22173693,718632,10838432,22173693,718632,10838432,22173693,718632,10838432,22173693,718632,10838432,14600000,31800000,52800000
28/02/2021,0,0,#N/A,21618349,731555,11090234,22319750,731555,11090234,22689087,731555,11090234,22731213,731555,11090234,22731213,731555,11090234,22731213,731555,11090234,22731213,731555,11090234,22731213,731555,11090234,14600000,31800000,52800000
01/03/2021,0,0,#N/A,22055427,744477,11407657,22806827,744477,11407657,23226164,744477,11407657,23295341,744477,11407657,23295341,744477,11407657,23295341,744477,11407657,23295341,744477,11407657,23295341,744477,11407657,14600000,31800000,52800000
02/03/2021,0,0,#N/A,22492504,757400,11778446,23293905,757400,11778446,23763241,757400,11778446,23866076,757400,11778446,23866076,757400,11778446,23866076,757400,11778446,23866076,757400,11778446,23866076,757400,11778446,14600000,31800000,52800000
03/03/2021,0,0,#N/A,22929582,770323,12184420,23780982,770323,12184420,24300319,770323,12184420,24443418,770323,12184420,24443418,770323,12184420,24443418,770323,12184420,24443418,770323,12184420,24443418,770323,12184420,14600000,31800000,52800000
04/03/2021,0,0,#N/A,23366659,783245,12637506,24268059,783245,12637506,24837396,783245,12637506,25027368,783245,12637506,25027368,783245,12637506,25027368,783245,12637506,25027368,783245,12637506,25027368,783245,12637506,14600000,31800000,52800000
05/03/2021,0,0,#N/A,23803736,796168,13127888,24755137,796168,13127888,25374473,796168,13127888,25614445,796168,13127888,25617925,796168,13127888,25617925,796168,13127888,25617925,796168,13127888,25617925,796168,13127888,14600000,31800000,52800000
06/03/2021,0,0,#N/A,24240814,809090,13582856,25242214,809090,13582856,25911551,809090,13582856,26201523,809090,13582856,26215090,809090,13582856,26215090,809090,13582856,26215090,809090,13582856,26215090,809090,13582856,14600000,31800000,52800000
07/03/2021,0,0,#N/A,24677891,822013,13976872,25729292,822013,14002017,26448628,822013,14002017,26788600,822013,14002017,26818862,822013,14002017,26818862,822013,14002017,26818862,822013,14002017,26818862,822013,14002017,14600000,31800000,52800000
08/03/2021,0,0,#N/A,25114968,834936,14370887,26216369,834936,14427124,26985705,834936,14427124,27375678,834936,14427124,27429242,834936,14427124,27429242,834936,14427124,27429242,834936,14427124,27429242,834936,14427124,14600000,31800000,52800000
09/03/2021,0,0,#N/A,25552046,847858,14764903,26703446,847858,14858179,27522783,847858,14858179,27962755,847858,14858179,28046228,847858,14858179,28046228,847858,14858179,28046228,847858,14858179,28046228,847858,14858179,14600000,31800000,52800000
10/03/2021,0,0,#N/A,25989123,860781,15158919,27190524,860781,15295179,28059860,860781,15295179,28549832,860781,15295179,28669823,860781,15295179,28669823,860781,15295179,28669823,860781,15295179,28669823,860781,15295179,14600000,31800000,52800000
11/03/2021,0,0,#N/A,26426200,873704,15552935,27677601,873704,15734195,28596937,873704,15738127,29136910,873704,15738127,29300024,873704,15738127,29300024,873704,15738127,29300024,873704,15738127,29300024,873704,15738127,14600000,31800000,52800000
12/03/2021,0,0,#N/A,26863278,886626,15946950,28164678,886626,16173211,29134015,886626,16187021,29723987,886626,16187021,29936834,886626,16187021,29936834,886626,16187021,29936834,886626,16187021,29936834,886626,16187021,14600000,31800000,52800000
13/03/2021,0,0,#N/A,27300355,899549,16340966,28651756,899549,16612227,29671092,899549,16641862,30311064,899549,16641862,30573911,899549,16641862,30580250,899549,16641862,30580250,899549,16641862,30580250,899549,16641862,14600000,31800000,52800000
14/03/2021,0,0,#N/A,27737432,912472,16734982,29138833,912472,17051242,30208170,912472,17102650,30898142,912472,17102650,31210988,912472,17102650,31230274,912472,17102650,31230274,912472,17102650,31230274,912472,17102650,14600000,31800000,52800000
15/03/2021,0,0,#N/A,28174510,925394,17128998,29625910,925394,17490258,30745247,925394,17569384,31485219,925394,17569384,31848066,925394,17569384,31886905,925394,17569384,31886905,925394,17569384,31886905,925394,17569384,14600000,31800000,52800000
16/03/2021,0,0,#N/A,28611587,938317,17523013,30112988,938317,17929274,31282324,938317,18042065,32072296,938317,18042065,32485143,938317,18042065,32550144,938317,18042065,32550144,938317,18042065,32550144,938317,18042065,14600000,31800000,52800000
17/03/2021,0,0,#N/A,29048665,951239,17917029,30600065,951239,18368290,31819402,951239,18520693,32659374,951239,18520693,33122220,951239,18520693,33219990,951239,18520693,33219990,951239,18520693,33219990,951239,18520693,14600000,31800000,52800000
18/03/2021,0,0,#N/A,29485742,964162,18311045,31087143,964162,18807305,32356479,964162,19004708,33246451,964162,19005267,33759298,964162,19005267,33896444,964162,19005267,33896444,964162,19005267,33896444,964162,19005267,14600000,31800000,52800000
19/03/2021,0,0,#N/A,29922819,977085,18705061,31574220,977085,19246321,32893556,977085,19488724,33833529,977085,19495788,34396375,977085,19495788,34579505,977085,19495788,34579505,977085,19495788,34579505,977085,19495788,14600000,31800000,52800000
20/03/2021,0,0,#N/A,30359897,990007,19099076,32061297,990007,19685337,33430634,990007,19972740,34420606,990007,19992255,35033453,990007,19992255,35266582,990007,19992255,35269174,990007,19992255,35269174,990007,19992255,14600000,31800000,52800000
21/03/2021,0,0,#N/A,30796974,1002930,19493092,32548375,1002930,20124353,33967711,1002930,20456756,35007683,1002930,20494670,35670530,1002930,20494670,35953660,1002930,20494670,35965449,1002930,20494670,35965449,1002930,20494670,14600000,31800000,52800000
22/03/2021,0,0,#N/A,31193536,1056368,19887108,32994937,1056368,20563369,34464273,1056368,20940771,35554246,1056368,21003031,36267092,1056368,21003031,36600222,1056368,21003031,36627818,1056368,21003031,36627818,1056368,21003031,14600000,31800000,52800000
23/03/2021,0,0,#N/A,31590099,1109805,20281124,33441499,1109805,21002384,34960836,1109805,21424787,36100808,1109805,21517338,36863654,1109805,21517338,37246784,1109805,21517338,37296793,1109805,21517338,37296793,1109805,21517338,14600000,31800000,52800000
24/03/2021,0,0,#N/A,31986661,1163243,20675139,33888061,1163243,21441400,35457398,1163243,21908803,36647370,1163243,22037593,37460217,1163243,22037593,37893347,1163243,22037593,37972376,1163243,22037593,37972376,1163243,22037593,14600000,31800000,52800000
25/03/2021,0,0,#N/A,32383223,1216681,21069155,34334624,1216681,21880416,35953960,1216681,22392819,37193932,1216681,22563794,38056779,1216681,22563794,38539909,1216681,22563794,38654567,1216681,22563794,38654567,1216681,22563794,14600000,31800000,52800000
26/03/2021,0,0,#N/A,32779785,1270119,21463171,34781186,1270119,22319432,36450523,1270119,22876834,37740495,1270119,23092809,38653341,1270119,23095941,39186471,1270119,23095941,39343364,1270119,23095941,39343364,1270119,23095941,14600000,31800000,52800000
27/03/2021,0,0,#N/A,33176348,1323556,21857187,35227748,1323556,22758447,36947085,1323556,23360850,38287057,1323556,23621825,39249904,1323556,23634036,39833034,1323556,23634036,40038770,1323556,23634036,40038770,1323556,23634036,14600000,31800000,52800000
28/03/2021,0,0,#N/A,33572910,1376994,22251203,35674311,1376994,23197463,37443647,1376994,23844866,38833619,1376994,24150841,39846466,1376994,24178077,40479596,1376994,24178077,40735332,1376994,24178077,40740782,1376994,24178077,14600000,31800000,52800000
29/03/2021,0,0,#N/A,33891078,1508826,22645218,36042479,1508826,23636479,37861815,1508826,24328882,39301788,1508826,24679857,40364634,1508826,24728064,41047764,1508826,24728064,41353500,1508826,24728064,41371008,1508826,24728064,14600000,31800000,52800000
30/03/2021,0,0,#N/A,34209247,1640658,23039234,36410647,1640658,24075495,38279984,1640658,24812897,39769956,1640658,25208872,40882802,1640658,25283999,41615932,1640658,25283999,41971668,1640658,25283999,42007842,1640658,25283999,14600000,31800000,52800000
31/03/2021,0,0,#N/A,34527415,1772489,23433250,36778815,1772489,24514510,38698152,1772489,25296913,40238124,1772489,25737888,41400971,1772489,25845880,42184101,1772489,25845880,42589837,1772489,25845880,42651283,1772489,25845880,14600000,31800000,52800000
01/04/2021,0,0,#N/A,34845583,1904321,23827266,37146984,1904321,24953526,39116320,1904321,25780929,40706292,1904321,26266904,41919139,1904321,26413707,42752269,1904321,26413707,43208005,1904321,26413707,43301331,1904321,26413707,14600000,31800000,52800000
02/04/2021,0,0,#N/A,35163751,2036153,24221281,37515152,2036153,25392542,39534488,2036153,26264945,41174461,2036153,26795920,42437307,2036153,26987482,43320437,2036153,26987482,43826173,2036153,26987482,43957987,2036153,26987482,14600000,31800000,52800000
03/04/2021,0,0,#N/A,35481920,2167985,24615297,37883320,2167985,25831558,39952657,2167985,26748960,41642629,2167985,27324935,42955475,2167985,27561497,43888605,2167985,27567203,44444341,2167985,27567203,44621250,2167985,27567203,14600000,31800000,52800000
04/04/2021,0,0,#N/A,35800088,2299816,25009313,38251488,2299816,26270573,40370825,2299816,27232976,42110797,2299816,27853951,43473644,2299816,28135513,44456774,2299816,28152870,45062510,2299816,28152870,45289418,2299816,28152870,14600000,31800000,52800000
05/04/2021,0,0,#N/A,36118256,2431648,25403329,38619657,2431648,26709589,40788993,2431648,27716992,42578965,2431648,28382967,43991812,2431648,28709529,45024942,2431648,28744485,45680678,2431648,28744485,45957586,2431648,28744485,14600000,31800000,52800000
06/04/2021,0,0,#N/A,36360595,2639309,25797344,38911996,2639309,27148605,41131332,2639309,28201008,42971304,2639309,28911983,44434151,2639309,29283545,45517281,2639309,29342046,46223017,2639309,29342046,46549925,2639309,29342046,14600000,31800000,52800000
07/04/2021,0,0,#N/A,36531652,2918252,26191360,39133053,2918252,27587621,41402389,2918252,28685023,43292361,2918252,29440998,44805208,2918252,29857560,45938338,2918252,29945553,46694074,2918252,29945553,47070982,2918252,29945553,14600000,31800000,52800000
08/04/2021,0,0,#N/A,36664958,3234946,26585376,39316359,3234946,28026636,41635695,3234946,29169039,43575667,3234946,29970014,45138514,3234946,30431576,46321644,3234946,30555008,47127380,3234946,30555008,47554288,3234946,30555008,14600000,31800000,52800000
09/04/2021,0,0,#N/A,36790725,3559179,26979392,39492126,3559179,28465652,41861462,3559179,29653055,43851434,3559179,30499030,45464281,3559179,31005592,46697411,3559179,31170409,47553147,3559179,31170409,48030055,3559179,31170409,14600000,31800000,52800000
10/04/2021,0,0,#N/A,36962810,3837094,27373407,39714211,3837094,28904668,42133547,3837094,30137071,44173519,3837094,31028046,45836366,3837094,31579608,47119496,3837094,31789425,48025232,3837094,31791757,48552140,3837094,31791757,14600000,31800000,52800000
11/04/2021,0,0,#N/A,37187403,4062501,27767423,39988804,4062501,29343684,42458140,4062501,30621086,44548112,4062501,31557061,46260959,4062501,32153623,47594089,4062501,32408440,48549825,4062501,32419051,49126733,4062501,32419051,14600000,31800000,52800000
12/04/2021,0,0,#N/A,37433327,4266577,28127001,40284728,4266577,29748262,42804064,4266577,31070664,44944036,4266577,32051639,46706883,4266577,32693201,48090013,4266577,32993018,49095749,4266577,33017854,49722657,4266577,33017854,14600000,31800000,52800000
13/04/2021,0,0,#N/A,37540164,4609740,28486579,40441565,4609740,30152840,43010901,4609740,31520242,45200873,4609740,32546217,47013720,4609740,33232779,48446850,4609740,33577596,49502586,4609740,33622604,50179494,4609740,33622604,14600000,31800000,52800000
14/04/2021,0,0,#N/A,37626656,4973248,28846157,40578057,4973248,30557417,43197393,4973248,31969820,45437365,4973248,33040795,47300212,4973248,33772357,48783342,4973248,34162174,49889078,4973248,34233301,50615986,4973248,34233301,14600000,31800000,52800000
15/04/2021,0,0,#N/A,37666801,5383103,29205735,40668202,5383103,30961995,43337538,5383103,32419398,45627510,5383103,33535373,47540357,5383103,34311935,49073487,5383103,34746752,50229223,5383103,34849944,51006131,5383103,34849944,14600000,31800000,52800000
16/04/2021,0,0,#N/A,37638553,5861351,29565313,40689954,5861351,31366573,43409290,5861351,32868976,45749262,5861351,34029951,47712109,5861351,34851513,49295239,5861351,35331330,50500975,5861351,35472534,51327883,5861351,35472534,14600000,31800000,52800000
17/04/2021,0,0,#N/A,37596583,6353321,29924891,40697984,6353321,31771151,43467320,6353321,33318554,45857292,6353321,34524529,47870139,6353321,35391091,49503269,6353321,35915908,50759005,6353321,36101071,51635913,6353321,36101071,14600000,31800000,52800000
18/04/2021,0,0,#N/A,37826334,6573570,30284469,40977735,6573570,32175729,43797071,6573570,33768132,46237043,6573570,35019107,48299890,6573570,35930669,49983020,6573570,36500486,51288756,6573570,36730648,52215664,6573570,36735554,14600000,31800000,52800000
19/04/2021,0,0,#N/A,37996532,6853372,30577412,41197933,6853372,32513672,44067269,6853372,34151075,46557241,6853372,35447050,48670088,6853372,36403612,50403218,6853372,37018429,51758954,6853372,37293592,52735862,6853372,37309349,14600000,31800000,52800000
20/04/2021,0,0,#N/A,38135517,7164387,30870355,41386918,7164387,32851615,44306254,7164387,34534018,46846226,7164387,35874993,49009073,7164387,36876555,50792203,7164387,37536372,52197939,7164387,37856535,52800000,7164387,37889091,14600000,31800000,52800000
21/04/2021,0,0,#N/A,38302705,7447199,31163298,41604106,7447199,33189558,44573442,7447199,34916961,47163414,7447199,36302936,49376261,7447199,37349498,51209391,7447199,38054315,52665127,7447199,38419478,52800000,7447199,38474779,14600000,31800000,52800000
22/04/2021,0,0,#N/A,38308720,7891184,31456241,41660121,7891184,33527501,44679457,7891184,35299904,47319429,7891184,36730879,49582276,7891184,37822441,51465406,7891184,38572258,52800000,7891184,38982421,52800000,7891184,39066414,14600000,31800000,52800000
23/04/2021,0,0,#N/A,38270964,8378940,31749184,41672365,8378940,33865444,44741701,8378940,35682847,47431673,8378940,37158822,49744520,8378940,38295384,51677650,8378940,39090201,52800000,8378940,39545364,52800000,8378940,39663996,14600000,31800000,52800000
24/04/2021,0,0,#N/A,38122575,8977329,32042127,41573976,8977329,34203387,44693312,8977329,36065790,47433284,8977329,37586765,49796131,8977329,38768327,51779261,8977329,39608144,52800000,8977329,40108307,52800000,8977329,40267524,14600000,31800000,52800000
25/04/2021,0,0,#N/A,38253537,9296367,32335070,41754938,9296367,34541330,44924274,9296367,36448733,47714246,9296367,38014708,50127093,9296367,39241270,52160223,9296367,40126087,52800000,9296367,40671250,52800000,9296367,40875467,14600000,31800000,52800000
26/04/2021,0,0,#N/A,38353189,9646715,32628013,41904590,9646715,34879273,45123926,9646715,36831676,47963898,9646715,38442651,50426745,9646715,39714213,52509875,9646715,40644030,52800000,9646715,41234193,52800000,9646715,41483410,14600000,31800000,52800000
27/04/2021,0,0,#N/A,38428433,10021471,32856501,42029834,10021471,35152762,45299170,10021471,37150164,48189142,10021471,38806139,50701989,10021471,40122701,52800000,10021471,41097518,52800000,10021471,41732681,52800000,10021471,42026898,14600000,31800000,52800000
28/04/2021,0,0,#N/A,38409417,10490487,33024399,42060818,10490487,35365660,45380154,10490487,37408063,48320126,10490487,39109038,50882973,10490487,40470600,52800000,10490487,41490417,52800000,10490487,42170579,52800000,10490487,42509797,14600000,31800000,52800000
29/04/2021,0,0,#N/A,38378857,10971047,33160210,42080258,10971047,35546470,45449594,10971047,37633873,48439566,10971047,39379848,51052413,10971047,40786410,52800000,10971047,41851227,52800000,10971047,42576389,52800000,10971047,42960607,14600000,31800000,52800000
30/04/2021,0,0,#N/A,38334694,11465210,33289611,42086095,11465210,35720872,45505431,11465210,37853275,48545403,11465210,39644250,51208250,11465210,41095812,52800000,11465210,42205629,52800000,11465210,42975791,52800000,11465210,43405009,14600000,31800000,52800000
01/05/2021,0,0,#N/A,38235616,12014288,33458384,42037017,12014288,35934644,45506353,12014288,38112047,48596325,12014288,39948022,51309172,12014288,41444584,52800000,12014288,42599401,52800000,12014288,43414563,52800000,12014288,43888781,14600000,31800000,52800000
02/05/2021,0,0,#N/A,38405898,12294006,33671788,42257299,12294006,36193048,45776635,12294006,38415451,48916607,12294006,40296426,51679454,12294006,41837988,52800000,12294006,43037805,52800000,12294006,43897968,52800000,12294006,44417185,14600000,31800000,52800000
03/05/2021,0,0,#N/A,38503418,12646486,33903323,42404819,12646486,36469584,45974155,12646486,38736987,49164127,12646486,40662961,51976974,12646486,42249523,52800000,12646486,43494340,52800000,12646486,44399503,52800000,12646486,44963720,14600000,31800000,52800000
04/05/2021,0,0,#N/A,38541606,13058298,34016635,42493007,13058298,36627895,46112343,13058298,38940298,49352315,13058298,40911273,52215162,13058298,42542835,52800000,13058298,43832652,52800000,13058298,44782814,52800000,13058298,45392032,14600000,31800000,52800000
05/05/2021,0,0,#N/A,38540796,13509108,34112653,42542197,13509108,36768913,46211533,13509108,39126316,49501505,13509108,41142291,52414352,13509108,42818853,52800000,13509108,44153670,52800000,13509108,45148833,52800000,13509108,45803050,14600000,31800000,52800000
06/05/2021,0,0,#N/A,38487680,14012224,34169276,42539081,14012224,36870537,46258417,14012224,39272939,49598389,14012224,41333914,52561236,14012224,43055476,52800000,14012224,44435293,52800000,14012224,45475456,52800000,14012224,46174673,14600000,31800000,52800000
07/05/2021,0,0,#N/A,38393077,14556827,34167765,42494478,14556827,36914026,46263814,14556827,39361429,49653786,14556827,41467404,52666633,14556827,43233966,52800000,14556827,44658783,52800000,14556827,45743945,52800000,14556827,46488163,14600000,31800000,52800000
08/05/2021,0,0,#N/A,38337715,15062189,34154591,42489116,15062189,36945851,46308452,15062189,39438254,49748424,15062189,41589229,52800000,15062189,43400791,52800000,15062189,44870608,52800000,15062189,46000771,52800000,15062189,46789988,14600000,31800000,52800000
09/05/2021,0,0,#N/A,38341468,15508436,34372379,42514048,15537256,37208640,46383385,15537256,39746042,49873357,15537256,41942017,52800000,15537256,43798579,52800000,15537256,45313396,52800000,15537256,46488559,52800000,15537256,47322776,14600000,31800000,52800000
10/05/2021,0,0,#N/A,38345220,15954684,34539547,42532345,16018960,37420808,46451682,16018960,40003211,49991654,16018960,42244186,52800000,16018960,44145748,52800000,16018960,45705565,52800000,16018960,46925727,52800000,16018960,47804945,14600000,31800000,52800000
11/05/2021,0,0,#N/A,38348973,16400931,34680185,42544005,16507299,37606445,46513342,16507299,40233848,50103314,16507299,42519823,52800000,16507299,44466385,52800000,16507299,46071202,52800000,16507299,47336364,52800000,16507299,47878219,14600000,31800000,52800000
12/05/2021,0,0,#N/A,38352725,16847179,34844794,42549030,17002275,37816055,46568366,17002275,40488458,50208338,17002275,42819433,52800000,17002275,44810995,52800000,17002275,46460812,52800000,17002275,47770974,52800000,17002275,47892360,14600000,31800000,52800000
13/05/2021,0,0,#N/A,38356478,17293426,34872407,42552782,17498522,37888668,46616754,17503887,40606071,50306726,17503887,42982046,52800000,17503887,45018607,52800000,17503887,46713424,52800000,17503887,47914559,52800000,17503887,47914559,14600000,31800000,52800000
14/05/2021,0,0,#N/A,38360230,17739674,34862815,42556535,17994770,37924075,46658505,18012136,40686478,50398478,18012136,43107453,52800000,18012136,45189015,52800000,18012136,46928832,52800000,18012136,47938947,52800000,18012136,47938947,14600000,31800000,52800000
15/05/2021,0,0,#N/A,38363983,18185921,34759184,42560287,18491017,37865445,46693621,18527020,40672847,50483593,18527020,43138822,52800000,18527020,45265384,52800000,18527020,47050201,52800000,18527020,47968866,52800000,18527020,47968866,14600000,31800000,52800000
16/05/2021,0,0,#N/A,38367736,18632168,34893002,42564040,18987265,38044262,46722100,19048541,40896665,50562072,19048541,43407640,52800000,19048541,45579202,52800000,19048541,47409019,52800000,19048541,47984818,52800000,19048541,47984818,14600000,31800000,52800000
17/05/2021,0,0,#N/A,38371488,19078416,35000206,42567792,19483512,38196466,46743943,19576698,41093869,50633915,19576698,43649844,52800000,19576698,45866406,52800000,19576698,47741223,52800000,19576698,48002336,52800000,19576698,48002336,14600000,31800000,52800000
18/05/2021,0,0,#N/A,38375241,19524663,35086663,42571545,19979760,38327924,46759149,20111492,41270327,50699121,20111492,43871302,52800000,20111492,46132864,52800000,20111492,48021074,52800000,20111492,48021074,52800000,20111492,48021074,14600000,31800000,52800000
19/05/2021,0,0,#N/A,38378993,19970911,35093000,42575298,20476007,38379260,46767719,20652922,41366663,50757692,20652922,44012638,52800000,20652922,46319200,52800000,20652922,48044524,52800000,20652922,48044524,52800000,20652922,48044524,14600000,31800000,52800000
20/05/2021,0,0,#N/A,38382746,20417158,35089524,42579050,20972254,38420784,46769653,21200988,41453187,50809626,21200988,44144162,52800000,21200988,46495724,52800000,21200988,48068552,52800000,21200988,48068552,52800000,21200988,48068552,14600000,31800000,52800000
21/05/2021,0,0,#N/A,38386498,20863406,35074485,42582803,21468502,38450746,46773406,21747235,41528148,50854923,21755690,44264123,52800000,21755690,46660685,52800000,21755690,48093261,52800000,21755690,48093261,52800000,21755690,48093261,14600000,31800000,52800000
22/05/2021,0,0,#N/A,38390251,21309653,35012769,42586555,21964749,38434029,46777159,22293482,41556432,50893585,22317028,44337407,52800000,22317028,46778969,52800000,22317028,48120714,52800000,22317028,48120714,52800000,22317028,48120714,14600000,31800000,52800000
23/05/2021,0,0,#N/A,38394004,21755900,35180009,42590308,22460997,38646269,46780911,22839730,41813672,50925610,22885003,44639647,52800000,22885003,47126209,52800000,22885003,48134700,52800000,22885003,48134700,52800000,22885003,48134700,14600000,31800000,52800000
24/05/2021,0,0,#N/A,38397756,22202148,35285401,42594060,22957244,38796661,46784664,23385977,42009064,50950999,23459614,44880039,52800000,23459614,47411601,52800000,23459614,48152324,52800000,23459614,48152324,52800000,23459614,48152324,14600000,31800000,52800000
25/05/2021,0,0,#N/A,38401509,22648395,35340360,42597813,23453492,38896621,46788416,23932225,42154024,50969752,24040861,45069999,52800000,24040861,47646561,52800000,24040861,48172915,52800000,24040861,48172915,52800000,24040861,48172915,14600000,31800000,52800000
26/05/2021,0,0,#N/A,38405261,23094643,35362172,42601566,23949739,38963432,46792169,24478472,42265835,50981868,24628745,45226810,52800000,24628745,47848372,52800000,24628745,48195455,52800000,24628745,48195455,52800000,24628745,48195455,14600000,31800000,52800000
27/05/2021,0,0,#N/A,38409014,23540890,35339523,42605318,24445986,38985784,46795921,25024720,42333187,50987349,25223265,45339162,52800000,25223265,48005723,52800000,25223265,48220611,52800000,25223265,48220611,52800000,25223265,48220611,14600000,31800000,52800000
28/05/2021,0,0,#N/A,38412766,23987138,35281611,42609071,24942234,38972871,46799674,25570967,42365274,50991101,25819512,45416249,52800000,25824421,48127811,52800000,25824421,48247841,52800000,25824421,48247841,52800000,25824421,48247841,14600000,31800000,52800000
29/05/2021,0,0,#N/A,38416519,24433385,35257053,42612823,25438481,38993314,46803427,26117214,42430716,50994854,26415760,45526691,52800000,26432213,48273109,52800000,26432213,48273109,52800000,26432213,48273109,52800000,26432213,48273109,14600000,31800000,52800000
30/05/2021,0,0,#N/A,38420272,24879632,35282743,42616576,25934729,39039506,46807179,26663462,42521909,50998606,27012007,45662884,52800000,27046642,48296863,52800000,27046642,48296863,52800000,27046642,48296863,52800000,27046642,48296863,14600000,31800000,52800000
31/05/2021,0,0,#N/A,38424024,25325880,35308432,42620328,26430976,39080059,46810932,27209709,42607461,51002359,27608254,45793436,52800000,27667706,48320948,52800000,27667706,48320948,52800000,27667706,48320948,52800000,27667706,48320948,14600000,31800000,52800000
01/06/2021,0,0,#N/A,38427777,25772127,35334122,42624081,26927224,39114970,46814684,27755957,42687373,51006111,28204502,45918348,52800000,28295408,48345365,52800000,28295408,48345365,52800000,28295408,48345365,52800000,28295408,48345365,14600000,31800000,52800000
02/06/2021,0,0,#N/A,38431529,26218375,35359812,42627834,27423471,39144240,46818437,28302204,42761643,51009864,28800749,46037618,52800000,28929745,48370114,52800000,28929745,48370114,52800000,28929745,48370114,52800000,28929745,48370114,14600000,31800000,52800000
03/06/2021,0,0,#N/A,38435282,26664622,35385501,42631586,27919718,39172430,46822189,28848452,42830273,51013617,29396997,46151248,52800000,29570719,48395194,52800000,29570719,48395194,52800000,29570719,48395194,52800000,29570719,48395194,14600000,31800000,52800000
04/06/2021,0,0,#N/A,38439034,27110870,35411191,42635339,28415966,39200620,46825942,29394699,42893262,51017369,29993244,46259237,52800000,30218328,48420607,52800000,30218328,48420607,52800000,30218328,48420607,52800000,30218328,48420607,14600000,31800000,52800000
05/06/2021,0,0,#N/A,38442787,27557117,35436881,42639091,28912213,39228809,46829695,29940946,42950610,51021122,30589492,46361585,52800000,30864576,48446351,52800000,30872575,48446351,52800000,30872575,48446351,52800000,30872575,48446351,14600000,31800000,52800000
06/06/2021,0,0,#N/A,38446540,28003364,35462570,42642844,29408461,39256999,46833447,30487194,43002317,51024874,31185739,46458292,52800000,31510823,48472427,52800000,31533457,48472427,52800000,31533457,48472427,52800000,31533457,48472427,14600000,31800000,52800000
07/06/2021,0,0,#N/A,38450292,28449612,35488260,42646596,29904708,39285189,46837200,31033441,43048383,51028627,31781986,46549358,52800000,32157071,48498835,52800000,32200976,48498835,52800000,32200976,48498835,52800000,32200976,48498835,14600000,31800000,52800000
08/06/2021,0,0,#N/A,38454045,28895859,35513950,42650349,30400956,39313378,46840952,31579689,43088809,51032379,32378234,46634784,52800000,32803318,48525575,52800000,32875130,48525575,52800000,32875130,48525575,52800000,32875130,48525575,14600000,31800000,52800000
09/06/2021,0,0,#N/A,38457797,29342107,35539639,42654102,30897203,39341568,46844705,32125936,43123594,51036132,32974481,46714569,52800000,33449566,48552646,52800000,33555922,48552646,52800000,33555922,48552646,52800000,33555922,48552646,14600000,31800000,52800000
10/06/2021,0,0,#N/A,38461550,29788354,35565329,42657854,31393450,39369758,46848457,32672184,43152738,51039885,33570729,46788712,52800000,34095813,48580049,52800000,34243349,48580049,52800000,34243349,48580049,52800000,34243349,48580049,14600000,31800000,52800000
11/06/2021,0,0,#N/A,38465302,30234602,35591019,42661607,31889698,39397948,46852210,33218431,43183427,51043637,34166976,46857216,52800000,34742060,48607784,52800000,34937413,48607784,52800000,34937413,48607784,52800000,34937413,48607784,14600000,31800000,52800000
12/06/2021,0,0,#N/A,38469055,30680849,35616709,42665359,32385945,39426137,46855963,33764678,43214117,51047390,34763224,46920078,52800000,35388308,48635851,52800000,35633660,48635851,52800000,35638113,48635851,52800000,35638113,48635851,14600000,31800000,52800000
13/06/2021,0,0,#N/A,38472808,31127096,35642398,42669112,32882193,39454327,46859715,34310926,43244807,51051142,35359471,46977299,52800000,36034555,48664250,52800000,36329908,48664250,52800000,36345449,48664250,52800000,36345449,48664250,14600000,31800000,52800000
14/06/2021,0,0,#N/A,38476560,31573344,35668088,42672864,33378440,39482517,46863468,34857173,43275496,51054895,35955718,47028880,52800000,36680803,48692981,52800000,37026155,48692981,52800000,37059421,48692981,52800000,37059421,48692981,14600000,31800000,52800000
15/06/2021,0,0,#N/A,38480313,32019591,35693778,42676617,33874688,39510706,46867220,35403421,43306186,51058647,36551966,47074820,52800000,37327050,48722043,52800000,37722402,48722043,52800000,37780030,48722043,52800000,37780030,48722043,14600000,31800000,52800000
16/06/2021,0,0,#N/A,38484065,32465839,35719467,42680370,34370935,39538896,46870973,35949668,43336876,51062400,37148213,47115119,52800000,37973298,48751437,52800000,38418650,48751437,52800000,38507275,48751437,52800000,38507275,48751437,14600000,31800000,52800000
17/06/2021,0,0,#N/A,38487818,32912086,35745157,42684122,34867182,39567086,46874725,36495916,43367565,51066153,37744461,47149777,52800000,38619545,48781163,52800000,39114897,48781163,52800000,39241156,48781163,52800000,39241156,48781163,14600000,31800000,52800000
18/06/2021,0,0,#N/A,38491570,33358334,35770847,42687875,35363430,39595275,46878478,37042163,43398255,51069905,38340708,47182967,52800000,39265792,48811221,52800000,39811145,48811221,52800000,39981674,48811221,52800000,39981674,48811221,14600000,31800000,52800000
19/06/2021,0,0,#N/A,38495323,33804581,35796536,42691627,35859677,39623465,46882231,37588410,43428945,51073658,38936956,47216156,52800000,39912040,48841611,52800000,40507392,48841611,52800000,40728828,48841611,52800000,40728828,48841611,14600000,31800000,52800000
20/06/2021,0,0,#N/A,38499076,34250828,35822226,42695380,36355925,39651655,46885983,38134658,43459634,51077410,39533203,47249346,52800000,40558287,48872332,52800000,41203640,48872332,52800000,41475075,48872332,52800000,41482618,48872332,14600000,31800000,52800000
21/06/2021,0,0,#N/A,38502828,34697076,35847916,42699132,36852172,39679844,46889736,38680905,43490324,51081163,40129450,47282536,52800000,41204535,48903385,52800000,41899887,48903385,52800000,42221322,48903385,52800000,42243044,48903385,14600000,31800000,52800000
22/06/2021,0,0,#N/A,38506581,35143323,35873605,42702885,37348420,39708034,46893488,39227153,43521014,51084915,40725698,47315725,52800000,41850782,48934770,52800000,42596134,48934770,52800000,42967570,48934770,52800000,43010106,48934770,14600000,31800000,52800000
23/06/2021,0,0,#N/A,38510333,35589571,35899295,42706638,37844667,39736224,46897241,39773400,43551703,51088668,41321945,47348915,52800000,42497030,48966487,52800000,43292382,48966487,52800000,43713817,48966487,52800000,43783805,48966487,14600000,31800000,52800000
24/06/2021,0,0,#N/A,38514086,36035818,35924985,42710390,38340914,39764413,46900993,40319648,43582393,51092421,41918193,47382105,52800000,43143277,48998536,52800000,43988629,48998536,52800000,44460065,48998536,52800000,44564140,48998536,14600000,31800000,52800000
25/06/2021,0,0,#N/A,38517838,36482066,35950674,42714143,38837162,39792603,46904746,40865895,43613083,51096173,42514440,47415294,52800000,43789524,49030916,52800000,44684877,49030916,52800000,45206312,49030916,52800000,45351112,49030916,14600000,31800000,52800000
26/06/2021,0,0,#N/A,38521591,36928313,35976364,42717895,39333409,39820793,46908499,41412142,43643772,51099926,43110688,47448484,52800000,44435772,49063229,52800000,45381124,49063629,52800000,45952560,49063629,52800000,46144719,49063629,14600000,31800000,52800000
27/06/2021,0,0,#N/A,38525344,37374560,36002054,42721648,39829657,39848983,46912251,41958390,43674462,51103678,43706935,47481674,52800000,45082019,49095541,52800000,46077372,49096673,52800000,46698807,49096673,52800000,46940967,49096673,14600000,31800000,52800000
28/06/2021,0,0,#N/A,38529096,37820808,36027744,42725400,40325904,39877172,46916004,42504637,43705152,51107431,44303182,47514863,52800000,45728267,49127854,52800000,46773619,49130049,52800000,47445054,49130049,52800000,47737214,49130049,14600000,31800000,52800000
29/06/2021,0,0,#N/A,38532849,37820808,36053433,42729153,40822152,39905362,46919756,43050885,43735842,51111183,44899430,47548053,52800000,46374514,49160166,52800000,47469866,49163757,52800000,48191302,49163757,52800000,48533462,49163757,14600000,31800000,52800000
30/06/2021,0,0,#N/A,39332849,37820808,36079123,42732906,41318399,39933552,46923509,43597132,43766531,51114936,45495677,47581243,52800000,47020762,49192478,52800000,48166114,49197796,52800000,48937549,49197796,52800000,49329709,49197796,14600000,31800000,52800000
01/07/2021,0,0,#N/A,40132849,37820808,36104813,42736658,41814646,39961741,46927261,44143380,43797221,51118689,46091925,47614433,52800000,47667009,49224791,52800000,48862361,49232167,52800000,49683797,49232167,52800000,50125956,49232167,14600000,31800000,52800000
02/07/2021,0,0,#N/A,40932849,37820808,36130502,42740411,41814646,39989931,46931014,44689627,43827911,51122441,46688172,47647622,52800000,48313256,49257103,52800000,49558609,49266871,52800000,50430044,49266871,52800000,50922204,49266871,14600000,31800000,52800000
03/07/2021,0,0,#N/A,41732849,37820808,36156192,43540411,41814646,40018121,46934767,45235874,43858600,51126194,47284420,47680812,52800000,48959504,49289415,52800000,50254856,49301683,52800000,51176292,49301906,52800000,51718451,49301906,14600000,31800000,52800000
04/07/2021,0,0,#N/A,42532849,37820808,36181882,44340411,41814646,40046310,46938519,45782122,43889290,51129946,47880667,47714002,52800000,49605751,49321728,52800000,50951104,49336495,52800000,51922539,49337272,52800000,52514699,49337272,14600000,31800000,52800000
05/07/2021,0,0,#N/A,43332849,37820808,36207571,45140411,41814646,40074500,46942272,46328369,43919980,51133699,48476914,47747191,52800000,50251999,49354040,52800000,51647351,49371308,52800000,52668786,49372971,52800000,52800000,49372971,14600000,31800000,52800000
06/07/2021,0,0,#N/A,44132849,37820808,36233261,45940411,41814646,40102690,46946024,46328369,43950669,51137451,49073162,47780381,52800000,50898246,49386353,52800000,52343598,49406120,52800000,52800000,49409002,52800000,52800000,49409002,14600000,31800000,52800000
07/07/2021,0,0,#N/A,44932849,37820808,36258951,46740411,41814646,40130879,47746024,46328369,43981359,51141204,49669409,47813571,52800000,51544494,49418665,52800000,52800000,49440932,52800000,52800000,49445364,52800000,52800000,49445364,14600000,31800000,52800000
08/07/2021,0,0,#N/A,45732849,37820808,36284640,47540411,41814646,40159069,48546024,46328369,44012049,51144957,50265657,47846760,52800000,52190741,49450977,52800000,52800000,49475745,52800000,52800000,49482058,52800000,52800000,49482058,14600000,31800000,52800000
09/07/2021,0,0,#N/A,46532849,37820808,36310330,48340411,41814646,40187259,49346024,46328369,44042738,51148709,50265657,47879950,52800000,52800000,49483290,52800000,52800000,49510557,52800000,52800000,49519084,52800000,52800000,49519084,14600000,31800000,52800000
10/07/2021,0,0,#N/A,47332849,37820808,36336020,49140411,41814646,40215448,50146024,46328369,44073428,51948709,50265657,47913140,52800000,52800000,49515602,52800000,52800000,49545370,52800000,52800000,49556441,52800000,52800000,49556441,14600000,31800000,52800000
11/07/2021,0,0,#N/A,48132849,37820808,36361709,49940411,41814646,40243638,50946024,46328369,44104118,52748709,50265657,47946329,52800000,52800000,49547914,52800000,52800000,49580182,52800000,52800000,49593754,52800000,52800000,49594131,14600000,31800000,52800000
12/07/2021,0,0,#N/A,48932849,37820808,36387399,50740411,41814646,40271828,51746024,46328369,44134807,52800000,50265657,47979519,52800000,52800000,49580227,52800000,52800000,49614994,52800000,52800000,49631066,52800000,52800000,49632152,14600000,31800000,52800000
13/07/2021,0,0,#N/A,49732849,37820808,36413089,51540411,41814646,40300017,52546024,46328369,44165497,52800000,50265657,48012709,52800000,52800000,49612539,52800000,52800000,49649807,52800000,52800000,49668378,52800000,52800000,49670505,14600000,31800000,52800000
14/07/2021,0,0,#N/A,50532849,37820808,36438778,52340411,41814646,40328207,52800000,46328369,44196187,52800000,50265657,48045898,52800000,52800000,49644851,52800000,52800000,49684619,52800000,52800000,49705691,52800000,52800000,49709190,14600000,31800000,52800000
15/07/2021,0,0,#N/A,51332849,37820808,36464468,52800000,41814646,40356397,52800000,46328369,44226877,52800000,50265657,48079088,52800000,52800000,49677164,52800000,52800000,49719431,52800000,52800000,49743003,52800000,52800000,49748207,14600000,31800000,52800000
16/07/2021,0,0,#N/A,52132849,37820808,36490158,52800000,41814646,40384587,52800000,46328369,44257566,52800000,50265657,48112278,52800000,52800000,49709476,52800000,52800000,49754244,52800000,52800000,49780316,52800000,52800000,49787556,14600000,31800000,52800000
17/07/2021,0,0,#N/A,52800000,37820808,36515848,52800000,41814646,40412776,52800000,46328369,44288256,52800000,50265657,48145468,52800000,52800000,49741789,52800000,52800000,49789056,52800000,52800000,49817628,52800000,52800000,49827236,14600000,31800000,52800000
18/07/2021,0,0,#N/A,52800000,37820808,36541537,52800000,41814646,40440966,52800000,46328369,44318946,52800000,50265657,48178657,52800000,52800000,49774101,52800000,52800000,49823869,52800000,52800000,49854940,52800000,52800000,49867048,14600000,31800000,52800000
19/07/2021,0,0,#N/A,52800000,37820808,36567227,52800000,41814646,40469156,52800000,46328369,44349635,52800000,50265657,48211847,52800000,52800000,49806413,52800000,52800000,49858681,52800000,52800000,49892253,52800000,52800000,49906861,14600000,31800000,52800000
20/07/2021,0,0,#N/A,52800000,37820808,36570604,52800000,41814646,40497345,52800000,46328369,44380325,52800000,50265657,48245037,52800000,52800000,49838726,52800000,52800000,49893493,52800000,52800000,49929565,52800000,52800000,49946673,14600000,31800000,52800000
21/07/2021,0,0,#N/A,52800000,38620808,37290604,52800000,41814646,40525535,52800000,46328369,44411015,52800000,50265657,48278226,52800000,52800000,49871038,52800000,52800000,49928306,52800000,52800000,49966877,52800000,52800000,49986485,14600000,31800000,52800000
22/07/2021,0,0,#N/A,52800000,39420808,38010604,52800000,41814646,40553725,52800000,46328369,44441704,52800000,50265657,48311416,52800000,52800000,49903350,52800000,52800000,49963118,52800000,52800000,50004190,52800000,52800000,50026298,14600000,31800000,52800000
23/07/2021,0,0,#N/A,52800000,40220808,38730604,52800000,41814646,40557102,52800000,46328369,44472394,52800000,50265657,48344606,52800000,52800000,49935663,52800000,52800000,49997930,52800000,52800000,50041502,52800000,52800000,50066110,14600000,31800000,52800000
24/07/2021,0,0,#N/A,52800000,41020808,39450604,52800000,42614646,41277102,52800000,46328369,44503084,52800000,50265657,48377795,52800000,52800000,49967975,52800000,52800000,50032743,52800000,52800000,50078815,52800000,52800000,50105923,14600000,31800000,52800000
25/07/2021,0,0,#N/A,52800000,41820808,40170604,52800000,43414646,41997102,52800000,46328369,44533773,52800000,50265657,48410985,52800000,52800000,50000288,52800000,52800000,50067555,52800000,52800000,50116127,52800000,52800000,50145735,14600000,31800000,52800000
26/07/2021,0,0,#N/A,52800000,42620808,40890604,52800000,44214646,42717102,52800000,46328369,44564463,52800000,50265657,48444175,52800000,52800000,50032600,52800000,52800000,50102368,52800000,52800000,50153439,52800000,52800000,50160000,14600000,31800000,52800000
27/07/2021,0,0,#N/A,52800000,43420808,41610604,52800000,45014646,43437102,52800000,46328369,44567840,52800000,50265657,48477364,52800000,52800000,50064912,52800000,52800000,50137180,52800000,52800000,50160000,52800000,52800000,50160000,14600000,31800000,52800000
28/07/2021,0,0,#N/A,52800000,44220808,42330604,52800000,45814646,44157102,52800000,47128369,45287840,52800000,50265657,48510554,52800000,52800000,50097225,52800000,52800000,50160000,52800000,52800000,50160000,52800000,52800000,50160000,14600000,31800000,52800000
29/07/2021,0,0,#N/A,52800000,45020808,43050604,52800000,46614646,44877102,52800000,47928369,46007840,52800000,50265657,48543744,52800000,52800000,50129537,52800000,52800000,50160000,52800000,52800000,50160000,52800000,52800000,50160000,14600000,31800000,52800000
30/07/2021,0,0,#N/A,52800000,45820808,43770604,52800000,47414646,45597102,52800000,48728369,46727840,52800000,50265657,48547121,52800000,52800000,50160000,52800000,52800000,50160000,52800000,52800000,50160000,52800000,52800000,50160000,14600000,31800000,52800000
31/07/2021,0,0,#N/A,52800000,46620808,44490604,52800000,48214646,46317102,52800000,49528369,47447840,52800000,51065657,49267121,52800000,52800000,50160000,52800000,52800000,50160000,52800000,52800000,50160000,52800000,52800000,50160000,14600000,31800000,52800000
01/08/2021,0,0,#N/A,52800000,47420808,45210604,52800000,49014646,47037102,52800000,50328369,48167840,52800000,51865657,49987121,52800000,52800000,50160000,52800000,52800000,50160000,52800000,52800000,50160000,52800000,52800000,50160000,14600000,31800000,52800000
02/08/2021,0,0,#N/A,52800000,48220808,45930604,52800000,49814646,47757102,52800000,51128369,48887840,52800000,52665657,50033283,52800000,52800000,50160000,52800000,52800000,50160000,52800000,52800000,50160000,52800000,52800000,50160000,14600000,31800000,52800000
03/08/2021,0,0,#N/A,52800000,49020808,46650604,52800000,50614646,48477102,52800000,51928369,49607840,52800000,52800000,50033283,52800000,52800000,50160000,52800000,52800000,50160000,52800000,52800000,50160000,52800000,52800000,50160000,14600000,31800000,52800000
04/08/2021,0,0,#N/A,52800000,49820808,47370604,52800000,51414646,49197102,52800000,52728369,49836418,52800000,52800000,50033283,52800000,52800000,50160000,52800000,52800000,50160000,52800000,52800000,50160000,52800000,52800000,50160000,14600000,31800000,52800000
05/08/2021,0,0,#N/A,52800000,50620808,48090604,52800000,52214646,49610732,52800000,52800000,49836418,52800000,52800000,50033283,52800000,52800000,50160000,52800000,52800000,50160000,52800000,52800000,50160000,52800000,52800000,50160000,14600000,31800000,52800000
06/08/2021,0,0,#N/A,52800000,51420808,48810604,52800000,52800000,49610732,52800000,52800000,49836418,52800000,52800000,50033283,52800000,52800000,50160000,52800000,52800000,50160000,52800000,52800000,50160000,52800000,52800000,50160000,14600000,31800000,52800000
07/08/2021,0,0,#N/A,52800000,52220808,49411040,52800000,52800000,49610732,52800000,52800000,49836418,52800000,52800000,50033283,52800000,52800000,50160000,52800000,52800000,50160000,52800000,52800000,50160000,52800000,52800000,50160000,14600000,31800000,52800000
08/08/2021,0,0,#N/A,52800000,52800000,49411040,52800000,52800000,49610732,52800000,52800000,49836418,52800000,52800000,50033283,52800000,52800000,50160000,52800000,52800000,50160000,52800000,52800000,50160000,52800000,52800000,50160000,14600000,31800000,52800000
09/08/2021,0,0,#N/A,52800000,52800000,49411040,52800000,52800000,49610732,52800000,52800000,49836418,52800000,52800000,50033283,52800000,52800000,50160000,52800000,52800000,50160000,52800000,52800000,50160000,52800000,52800000,50160000,14600000,31800000,52800000
10/08/2021,0,0,#N/A,52800000,52800000,49411040,52800000,52800000,49610732,52800000,52800000,49836418,52800000,52800000,50033283,52800000,52800000,50160000,52800000,52800000,50160000,52800000,52800000,50160000,52800000,52800000,50160000,14600000,31800000,52800000
11/08/2021,0,0,#N/A,52800000,52800000,49451040,52800000,52800000,49610732,52800000,52800000,49836418,52800000,52800000,50033283,52800000,52800000,50160000,52800000,52800000,50160000,52800000,52800000,50160000,52800000,52800000,50160000,14600000,31800000,52800000
12/08/2021,0,0,#N/A,52800000,52800000,49491040,52800000,52800000,49610732,52800000,52800000,49836418,52800000,52800000,50033283,52800000,52800000,50160000,52800000,52800000,50160000,52800000,52800000,50160000,52800000,52800000,50160000,14600000,31800000,52800000
13/08/2021,0,0,#N/A,52800000,52800000,49531040,52800000,52800000,49610732,52800000,52800000,49836418,52800000,52800000,50033283,52800000,52800000,50160000,52800000,52800000,50160000,52800000,52800000,50160000,52800000,52800000,50160000,14600000,31800000,52800000
14/08/2021,0,0,#N/A,52800000,52800000,49571040,52800000,52800000,49650732,52800000,52800000,49836418,52800000,52800000,50033283,52800000,52800000,50160000,52800000,52800000,50160000,52800000,52800000,50160000,52800000,52800000,50160000,14600000,31800000,52800000
15/08/2021,0,0,#N/A,52800000,52800000,49611040,52800000,52800000,49690732,52800000,52800000,49836418,52800000,52800000,50033283,52800000,52800000,50160000,52800000,52800000,50160000,52800000,52800000,50160000,52800000,52800000,50160000,14600000,31800000,52800000
16/08/2021,0,0,#N/A,52800000,52800000,49651040,52800000,52800000,49730732,52800000,52800000,49836418,52800000,52800000,50033283,52800000,52800000,50160000,52800000,52800000,50160000,52800000,52800000,50160000,52800000,52800000,50160000,14600000,31800000,52800000
17/08/2021,0,0,#N/A,52800000,52800000,49691040,52800000,52800000,49770732,52800000,52800000,49836418,52800000,52800000,50033283,52800000,52800000,50160000,52800000,52800000,50160000,52800000,52800000,50160000,52800000,52800000,50160000,14600000,31800000,52800000
18/08/2021,0,0,#N/A,52800000,52800000,49731040,52800000,52800000,49810732,52800000,52800000,49876418,52800000,52800000,50033283,52800000,52800000,50160000,52800000,52800000,50160000,52800000,52800000,50160000,52800000,52800000,50160000,14600000,31800000,52800000
19/08/2021,0,0,#N/A,52800000,52800000,49771040,52800000,52800000,49850732,52800000,52800000,49916418,52800000,52800000,50033283,52800000,52800000,50160000,52800000,52800000,50160000,52800000,52800000,50160000,52800000,52800000,50160000,14600000,31800000,52800000
20/08/2021,0,0,#N/A,52800000,52800000,49811040,52800000,52800000,49890732,52800000,52800000,49956418,52800000,52800000,50033283,52800000,52800000,50160000,52800000,52800000,50160000,52800000,52800000,50160000,52800000,52800000,50160000,14600000,31800000,52800000
21/08/2021,0,0,#N/A,52800000,52800000,49851040,52800000,52800000,49930732,52800000,52800000,49996418,52800000,52800000,50073283,52800000,52800000,50160000,52800000,52800000,50160000,52800000,52800000,50160000,52800000,52800000,50160000,14600000,31800000,52800000
22/08/2021,0,0,#N/A,52800000,52800000,49891040,52800000,52800000,49970732,52800000,52800000,50036418,52800000,52800000,50113283,52800000,52800000,50160000,52800000,52800000,50160000,52800000,52800000,50160000,52800000,52800000,50160000,14600000,31800000,52800000
23/08/2021,0,0,#N/A,52800000,52800000,49931040,52800000,52800000,50010732,52800000,52800000,50076418,52800000,52800000,50153283,52800000,52800000,50160000,52800000,52800000,50160000,52800000,52800000,50160000,52800000,52800000,50160000,14600000,31800000,52800000
24/08/2021,0,0,#N/A,52800000,52800000,49971040,52800000,52800000,50050732,52800000,52800000,50116418,52800000,52800000,50160000,52800000,52800000,50160000,52800000,52800000,50160000,52800000,52800000,50160000,52800000,52800000,50160000,14600000,31800000,52800000
25/08/2021,0,0,#N/A,52800000,52800000,50011040,52800000,52800000,50090732,52800000,52800000,50156418,52800000,52800000,50160000,52800000,52800000,50160000,52800000,52800000,50160000,52800000,52800000,50160000,52800000,52800000,50160000,14600000,31800000,52800000
26/08/2021,0,0,#N/A,52800000,52800000,50051040,52800000,52800000,50130732,52800000,52800000,50160000,52800000,52800000,50160000,52800000,52800000,50160000,52800000,52800000,50160000,52800000,52800000,50160000,52800000,52800000,50160000,14600000,31800000,52800000
27/08/2021,0,0,#N/A,52800000,52800000,50091040,52800000,52800000,50160000,52800000,52800000,50160000,52800000,52800000,50160000,52800000,52800000,50160000,52800000,52800000,50160000,52800000,52800000,50160000,52800000,52800000,50160000,14600000,31800000,52800000
28/08/2021,0,0,#N/A,52800000,52800000,50131040,52800000,52800000,50160000,52800000,52800000,50160000,52800000,52800000,50160000,52800000,52800000,50160000,52800000,52800000,50160000,52800000,52800000,50160000,52800000,52800000,50160000,14600000,31800000,52800000
29/08/2021,0,0,#N/A,52800000,52800000,50160000,52800000,52800000,50160000,52800000,52800000,50160000,52800000,52800000,50160000,52800000,52800000,50160000,52800000,52800000,50160000,52800000,52800000,50160000,52800000,52800000,50160000,14600000,31800000,52800000
30/08/2021,0,0,#N/A,52800000,52800000,50160000,52800000,52800000,50160000,52800000,52800000,50160000,52800000,52800000,50160000,52800000,52800000,50160000,52800000,52800000,50160000,52800000,52800000,50160000,52800000,52800000,50160000,14600000,31800000,52800000
31/08/2021,0,0,#N/A,52800000,52800000,50160000,52800000,52800000,50160000,52800000,52800000,50160000,52800000,52800000,50160000,52800000,52800000,50160000,52800000,52800000,50160000,52800000,52800000,50160000,52800000,52800000,50160000,14600000,31800000,52800000
01/09/2021,0,0,#N/A,52800000,52800000,50160000,52800000,52800000,50160000,52800000,52800000,50160000,52800000,52800000,50160000,52800000,52800000,50160000,52800000,52800000,50160000,52800000,52800000,50160000,52800000,52800000,50160000,14600000,31800000,52800000
02/09/2021,0,0,#N/A,52800000,52800000,50160000,52800000,52800000,50160000,52800000,52800000,50160000,52800000,52800000,50160000,52800000,52800000,50160000,52800000,52800000,50160000,52800000,52800000,50160000,52800000,52800000,50160000,14600000,31800000,52800000
03/09/2021,0,0,#N/A,52800000,52800000,50160000,52800000,52800000,50160000,52800000,52800000,50160000,52800000,52800000,50160000,52800000,52800000,50160000,52800000,52800000,50160000,52800000,52800000,50160000,52800000,52800000,50160000,14600000,31800000,52800000
04/09/2021,0,0,#N/A,52800000,52800000,50160000,52800000,52800000,50160000,52800000,52800000,50160000,52800000,52800000,50160000,52800000,52800000,50160000,52800000,52800000,50160000,52800000,52800000,50160000,52800000,52800000,50160000,14600000,31800000,52800000
05/09/2021,0,0,#N/A,52800000,52800000,50160000,52800000,52800000,50160000,52800000,52800000,50160000,52800000,52800000,50160000,52800000,52800000,50160000,52800000,52800000,50160000,52800000,52800000,50160000,52800000,52800000,50160000,14600000,31800000,52800000
06/09/2021,0,0,#N/A,52800000,52800000,50160000,52800000,52800000,50160000,52800000,52800000,50160000,52800000,52800000,50160000,52800000,52800000,50160000,52800000,52800000,50160000,52800000,52800000,50160000,52800000,52800000,50160000,14600000,31800000,52800000
07/09/2021,0,0,#N/A,52800000,52800000,50160000,52800000,52800000,50160000,52800000,52800000,50160000,52800000,52800000,50160000,52800000,52800000,50160000,52800000,52800000,50160000,52800000,52800000,50160000,52800000,52800000,50160000,14600000,31800000,52800000
08/09/2021,0,0,#N/A,52800000,52800000,50160000,52800000,52800000,50160000,52800000,52800000,50160000,52800000,52800000,50160000,52800000,52800000,50160000,52800000,52800000,50160000,52800000,52800000,50160000,52800000,52800000,50160000,14600000,31800000,52800000
09/09/2021,0,0,#N/A,52800000,52800000,50160000,52800000,52800000,50160000,52800000,52800000,50160000,52800000,52800000,50160000,52800000,52800000,50160000,52800000,52800000,50160000,52800000,52800000,50160000,52800000,52800000,50160000,14600000,31800000,52800000
10/09/2021,0,0,#N/A,52800000,52800000,50160000,52800000,52800000,50160000,52800000,52800000,50160000,52800000,52800000,50160000,52800000,52800000,50160000,52800000,52800000,50160000,52800000,52800000,50160000,52800000,52800000,50160000,14600000,31800000,52800000
11/09/2021,0,0,#N/A,52800000,52800000,50160000,52800000,52800000,50160000,52800000,52800000,50160000,52800000,52800000,50160000,52800000,52800000,50160000,52800000,52800000,50160000,52800000,52800000,50160000,52800000,52800000,50160000,14600000,31800000,52800000
12/09/2021,0,0,#N/A,52800000,52800000,50160000,52800000,52800000,50160000,52800000,52800000,50160000,52800000,52800000,50160000,52800000,52800000,50160000,52800000,52800000,50160000,52800000,52800000,50160000,52800000,52800000,50160000,14600000,31800000,52800000
13/09/2021,0,0,#N/A,52800000,52800000,50160000,52800000,52800000,50160000,52800000,52800000,50160000,52800000,52800000,50160000,52800000,52800000,50160000,52800000,52800000,50160000,52800000,52800000,50160000,52800000,52800000,50160000,14600000,31800000,52800000
14/09/2021,0,0,#N/A,52800000,52800000,50160000,52800000,52800000,50160000,52800000,52800000,50160000,52800000,52800000,50160000,52800000,52800000,50160000,52800000,52800000,50160000,52800000,52800000,50160000,52800000,52800000,50160000,14600000,31800000,52800000
15/09/2021,0,0,#N/A,52800000,52800000,50160000,52800000,52800000,50160000,52800000,52800000,50160000,52800000,52800000,50160000,52800000,52800000,50160000,52800000,52800000,50160000,52800000,52800000,50160000,52800000,52800000,50160000,14600000,31800000,52800000
16/09/2021,0,0,#N/A,52800000,52800000,50160000,52800000,52800000,50160000,52800000,52800000,50160000,52800000,52800000,50160000,52800000,52800000,50160000,52800000,52800000,50160000,52800000,52800000,50160000,52800000,52800000,50160000,14600000,31800000,52800000
17/09/2021,0,0,#N/A,52800000,52800000,50160000,52800000,52800000,50160000,52800000,52800000,50160000,52800000,52800000,50160000,52800000,52800000,50160000,52800000,52800000,50160000,52800000,52800000,50160000,52800000,52800000,50160000,14600000,31800000,52800000
18/09/2021,0,0,#N/A,52800000,52800000,50160000,52800000,52800000,50160000,52800000,52800000,50160000,52800000,52800000,50160000,52800000,52800000,50160000,52800000,52800000,50160000,52800000,52800000,50160000,52800000,52800000,50160000,14600000,31800000,52800000
19/09/2021,0,0,#N/A,52800000,52800000,50160000,52800000,52800000,50160000,52800000,52800000,50160000,52800000,52800000,50160000,52800000,52800000,50160000,52800000,52800000,50160000,52800000,52800000,50160000,52800000,52800000,50160000,14600000,31800000,52800000
20/09/2021,0,0,#N/A,52800000,52800000,50160000,52800000,52800000,50160000,52800000,52800000,50160000,52800000,52800000,50160000,52800000,52800000,50160000,52800000,52800000,50160000,52800000,52800000,50160000,52800000,52800000,50160000,14600000,31800000,52800000
21/09/2021,0,0,#N/A,52800000,52800000,50160000,52800000,52800000,50160000,52800000,52800000,50160000,52800000,52800000,50160000,52800000,52800000,50160000,52800000,52800000,50160000,52800000,52800000,50160000,52800000,52800000,50160000,14600000,31800000,52800000
22/09/2021,0,0,#N/A,52800000,52800000,50160000,52800000,52800000,50160000,52800000,52800000,50160000,52800000,52800000,50160000,52800000,52800000,50160000,52800000,52800000,50160000,52800000,52800000,50160000,52800000,52800000,50160000,14600000,31800000,52800000
23/09/2021,0,0,#N/A,52800000,52800000,50160000,52800000,52800000,50160000,52800000,52800000,50160000,52800000,52800000,50160000,52800000,52800000,50160000,52800000,52800000,50160000,52800000,52800000,50160000,52800000,52800000,50160000,14600000,31800000,52800000
24/09/2021,0,0,#N/A,52800000,52800000,50160000,52800000,52800000,50160000,52800000,52800000,50160000,52800000,52800000,50160000,52800000,52800000,50160000,52800000,52800000,50160000,52800000,52800000,50160000,52800000,52800000,50160000,14600000,31800000,52800000
25/09/2021,0,0,#N/A,52800000,52800000,50160000,52800000,52800000,50160000,52800000,52800000,50160000,52800000,52800000,50160000,52800000,52800000,50160000,52800000,52800000,50160000,52800000,52800000,50160000,52800000,52800000,50160000,14600000,31800000,52800000
26/09/2021,0,0,#N/A,52800000,52800000,50160000,52800000,52800000,50160000,52800000,52800000,50160000,52800000,52800000,50160000,52800000,52800000,50160000,52800000,52800000,50160000,52800000,52800000,50160000,52800000,52800000,50160000,14600000,31800000,52800000
27/09/2021,0,0,#N/A,52800000,52800000,50160000,52800000,52800000,50160000,52800000,52800000,50160000,52800000,52800000,50160000,52800000,52800000,50160000,52800000,52800000,50160000,52800000,52800000,50160000,52800000,52800000,50160000,14600000,31800000,52800000
28/09/2021,0,0,#N/A,52800000,52800000,50160000,52800000,52800000,50160000,52800000,52800000,50160000,52800000,52800000,50160000,52800000,52800000,50160000,52800000,52800000,50160000,52800000,52800000,50160000,52800000,52800000,50160000,14600000,31800000,52800000
29/09/2021,0,0,#N/A,52800000,52800000,50160000,52800000,52800000,50160000,52800000,52800000,50160000,52800000,52800000,50160000,52800000,52800000,50160000,52800000,52800000,50160000,52800000,52800000,50160000,52800000,52800000,50160000,14600000,31800000,52800000
30/09/2021,0,0,#N/A,52800000,52800000,50160000,52800000,52800000,50160000,52800000,52800000,50160000,52800000,52800000,50160000,52800000,52800000,50160000,52800000,52800000,50160000,52800000,52800000,50160000,52800000,52800000,50160000,14600000,31800000,52800000
01/10/2021,0,0,#N/A,52800000,52800000,50160000,52800000,52800000,50160000,52800000,52800000,50160000,52800000,52800000,50160000,52800000,52800000,50160000,52800000,52800000,50160000,52800000,52800000,50160000,52800000,52800000,50160000,14600000,31800000,52800000
02/10/2021,0,0,#N/A,52800000,52800000,50160000,52800000,52800000,50160000,52800000,52800000,50160000,52800000,52800000,50160000,52800000,52800000,50160000,52800000,52800000,50160000,52800000,52800000,50160000,52800000,52800000,50160000,14600000,31800000,52800000
03/10/2021,0,0,#N/A,52800000,52800000,50160000,52800000,52800000,50160000,52800000,52800000,50160000,52800000,52800000,50160000,52800000,52800000,50160000,52800000,52800000,50160000,52800000,52800000,50160000,52800000,52800000,50160000,14600000,31800000,52800000
04/10/2021,0,0,#N/A,52800000,52800000,50160000,52800000,52800000,50160000,52800000,52800000,50160000,52800000,52800000,50160000,52800000,52800000,50160000,52800000,52800000,50160000,52800000,52800000,50160000,52800000,52800000,50160000,14600000,31800000,52800000
05/10/2021,0,0,#N/A,52800000,52800000,50160000,52800000,52800000,50160000,52800000,52800000,50160000,52800000,52800000,50160000,52800000,52800000,50160000,52800000,52800000,50160000,52800000,52800000,50160000,52800000,52800000,50160000,14600000,31800000,52800000
06/10/2021,0,0,#N/A,52800000,52800000,50160000,52800000,52800000,50160000,52800000,52800000,50160000,52800000,52800000,50160000,52800000,52800000,50160000,52800000,52800000,50160000,52800000,52800000,50160000,52800000,52800000,50160000,14600000,31800000,52800000
07/10/2021,0,0,#N/A,52800000,52800000,50160000,52800000,52800000,50160000,52800000,52800000,50160000,52800000,52800000,50160000,52800000,52800000,50160000,52800000,52800000,50160000,52800000,52800000,50160000,52800000,52800000,50160000,14600000,31800000,52800000
08/10/2021,0,0,#N/A,52800000,52800000,50160000,52800000,52800000,50160000,52800000,52800000,50160000,52800000,52800000,50160000,52800000,52800000,50160000,52800000,52800000,50160000,52800000,52800000,50160000,52800000,52800000,50160000,14600000,31800000,52800000
09/10/2021,0,0,#N/A,52800000,52800000,50160000,52800000,52800000,50160000,52800000,52800000,50160000,52800000,52800000,50160000,52800000,52800000,50160000,52800000,52800000,50160000,52800000,52800000,50160000,52800000,52800000,50160000,14600000,31800000,52800000
10/10/2021,0,0,#N/A,52800000,52800000,50160000,52800000,52800000,50160000,52800000,52800000,50160000,52800000,52800000,50160000,52800000,52800000,50160000,52800000,52800000,50160000,52800000,52800000,50160000,52800000,52800000,50160000,14600000,31800000,52800000
11/10/2021,0,0,#N/A,52800000,52800000,50160000,52800000,52800000,50160000,52800000,52800000,50160000,52800000,52800000,50160000,52800000,52800000,50160000,52800000,52800000,50160000,52800000,52800000,50160000,52800000,52800000,50160000,14600000,31800000,52800000
12/10/2021,0,0,#N/A,52800000,52800000,50160000,52800000,52800000,50160000,52800000,52800000,50160000,52800000,52800000,50160000,52800000,52800000,50160000,52800000,52800000,50160000,52800000,52800000,50160000,52800000,52800000,50160000,14600000,31800000,52800000
13/10/2021,0,0,#N/A,52800000,52800000,50160000,52800000,52800000,50160000,52800000,52800000,50160000,52800000,52800000,50160000,52800000,52800000,50160000,52800000,52800000,50160000,52800000,52800000,50160000,52800000,52800000,50160000,14600000,31800000,52800000
14/10/2021,0,0,#N/A,52800000,52800000,50160000,52800000,52800000,50160000,52800000,52800000,50160000,52800000,52800000,50160000,52800000,52800000,50160000,52800000,52800000,50160000,52800000,52800000,50160000,52800000,52800000,50160000,14600000,31800000,52800000
15/10/2021,0,0,#N/A,52800000,52800000,50160000,52800000,52800000,50160000,52800000,52800000,50160000,52800000,52800000,50160000,52800000,52800000,50160000,52800000,52800000,50160000,52800000,52800000,50160000,52800000,52800000,50160000,14600000,31800000,52800000
16/10/2021,0,0,#N/A,52800000,52800000,50160000,52800000,52800000,50160000,52800000,52800000,50160000,52800000,52800000,50160000,52800000,52800000,50160000,52800000,52800000,50160000,52800000,52800000,50160000,52800000,52800000,50160000,14600000,31800000,52800000
17/10/2021,0,0,#N/A,52800000,52800000,50160000,52800000,52800000,50160000,52800000,52800000,50160000,52800000,52800000,50160000,52800000,52800000,50160000,52800000,52800000,50160000,52800000,52800000,50160000,52800000,52800000,50160000,14600000,31800000,52800000
18/10/2021,0,0,#N/A,52800000,52800000,50160000,52800000,52800000,50160000,52800000,52800000,50160000,52800000,52800000,50160000,52800000,52800000,50160000,52800000,52800000,50160000,52800000,52800000,50160000,52800000,52800000,50160000,14600000,31800000,52800000
19/10/2021,0,0,#N/A,52800000,52800000,50160000,52800000,52800000,50160000,52800000,52800000,50160000,52800000,52800000,50160000,52800000,52800000,50160000,52800000,52800000,50160000,52800000,52800000,50160000,52800000,52800000,50160000,14600000,31800000,52800000
20/10/2021,0,0,#N/A,52800000,52800000,50160000,52800000,52800000,50160000,52800000,52800000,50160000,52800000,52800000,50160000,52800000,52800000,50160000,52800000,52800000,50160000,52800000,52800000,50160000,52800000,52800000,50160000,14600000,31800000,52800000
21/10/2021,0,0,#N/A,52800000,52800000,50160000,52800000,52800000,50160000,52800000,52800000,50160000,52800000,52800000,50160000,52800000,52800000,50160000,52800000,52800000,50160000,52800000,52800000,50160000,52800000,52800000,50160000,14600000,31800000,52800000
22/10/2021,0,0,#N/A,52800000,52800000,50160000,52800000,52800000,50160000,52800000,52800000,50160000,52800000,52800000,50160000,52800000,52800000,50160000,52800000,52800000,50160000,52800000,52800000,50160000,52800000,52800000,50160000,14600000,31800000,52800000
23/10/2021,0,0,#N/A,52800000,52800000,50160000,52800000,52800000,50160000,52800000,52800000,50160000,52800000,52800000,50160000,52800000,52800000,50160000,52800000,52800000,50160000,52800000,52800000,50160000,52800000,52800000,50160000,14600000,31800000,52800000
24/10/2021,0,0,#N/A,52800000,52800000,50160000,52800000,52800000,50160000,52800000,52800000,50160000,52800000,52800000,50160000,52800000,52800000,50160000,52800000,52800000,50160000,52800000,52800000,50160000,52800000,52800000,50160000,14600000,31800000,52800000
25/10/2021,0,0,#N/A,52800000,52800000,50160000,52800000,52800000,50160000,52800000,52800000,50160000,52800000,52800000,50160000,52800000,52800000,50160000,52800000,52800000,50160000,52800000,52800000,50160000,52800000,52800000,50160000,14600000,31800000,52800000
26/10/2021,0,0,#N/A,52800000,52800000,50160000,52800000,52800000,50160000,52800000,52800000,50160000,52800000,52800000,50160000,52800000,52800000,50160000,52800000,52800000,50160000,52800000,52800000,50160000,52800000,52800000,50160000,14600000,31800000,52800000
27/10/2021,0,0,#N/A,52800000,52800000,50160000,52800000,52800000,50160000,52800000,52800000,50160000,52800000,52800000,50160000,52800000,52800000,50160000,52800000,52800000,50160000,52800000,52800000,50160000,52800000,52800000,50160000,14600000,31800000,52800000
28/10/2021,0,0,#N/A,52800000,52800000,50160000,52800000,52800000,50160000,52800000,52800000,50160000,52800000,52800000,50160000,52800000,52800000,50160000,52800000,52800000,50160000,52800000,52800000,50160000,52800000,52800000,50160000,14600000,31800000,52800000
29/10/2021,0,0,#N/A,52800000,52800000,50160000,52800000,52800000,50160000,52800000,52800000,50160000,52800000,52800000,50160000,52800000,52800000,50160000,52800000,52800000,50160000,52800000,52800000,50160000,52800000,52800000,50160000,14600000,31800000,52800000
30/10/2021,0,0,#N/A,52800000,52800000,50160000,52800000,52800000,50160000,52800000,52800000,50160000,52800000,52800000,50160000,52800000,52800000,50160000,52800000,52800000,50160000,52800000,52800000,50160000,52800000,52800000,50160000,14600000,31800000,52800000
31/10/2021,0,0,#N/A,52800000,52800000,50160000,52800000,52800000,50160000,52800000,52800000,50160000,52800000,52800000,50160000,52800000,52800000,50160000,52800000,52800000,50160000,52800000,52800000,50160000,52800000,52800000,50160000,14600000,31800000,52800000
01/11/2021,0,0,#N/A,52800000,52800000,50160000,52800000,52800000,50160000,52800000,52800000,50160000,52800000,52800000,50160000,52800000,52800000,50160000,52800000,52800000,50160000,52800000,52800000,50160000,52800000,52800000,50160000,14600000,31800000,52800000
02/11/2021,0,0,#N/A,52800000,52800000,50160000,52800000,52800000,50160000,52800000,52800000,50160000,52800000,52800000,50160000,52800000,52800000,50160000,52800000,52800000,50160000,52800000,52800000,50160000,52800000,52800000,50160000,14600000,31800000,52800000
03/11/2021,0,0,#N/A,52800000,52800000,50160000,52800000,52800000,50160000,52800000,52800000,50160000,52800000,52800000,50160000,52800000,52800000,50160000,52800000,52800000,50160000,52800000,52800000,50160000,52800000,52800000,50160000,14600000,31800000,52800000
04/11/2021,0,0,#N/A,52800000,52800000,50160000,52800000,52800000,50160000,52800000,52800000,50160000,52800000,52800000,50160000,52800000,52800000,50160000,52800000,52800000,50160000,52800000,52800000,50160000,52800000,52800000,50160000,14600000,31800000,52800000
05/11/2021,0,0,#N/A,52800000,52800000,50160000,52800000,52800000,50160000,52800000,52800000,50160000,52800000,52800000,50160000,52800000,52800000,50160000,52800000,52800000,50160000,52800000,52800000,50160000,52800000,52800000,50160000,14600000,31800000,52800000
06/11/2021,0,0,#N/A,52800000,52800000,50160000,52800000,52800000,50160000,52800000,52800000,50160000,52800000,52800000,50160000,52800000,52800000,50160000,52800000,52800000,50160000,52800000,52800000,50160000,52800000,52800000,50160000,14600000,31800000,52800000
07/11/2021,0,0,#N/A,52800000,52800000,50160000,52800000,52800000,50160000,52800000,52800000,50160000,52800000,52800000,50160000,52800000,52800000,50160000,52800000,52800000,50160000,52800000,52800000,50160000,52800000,52800000,50160000,14600000,31800000,52800000
08/11/2021,0,0,#N/A,52800000,52800000,50160000,52800000,52800000,50160000,52800000,52800000,50160000,52800000,52800000,50160000,52800000,52800000,50160000,52800000,52800000,50160000,52800000,52800000,50160000,52800000,52800000,50160000,14600000,31800000,52800000
09/11/2021,0,0,#N/A,52800000,52800000,50160000,52800000,52800000,50160000,52800000,52800000,50160000,52800000,52800000,50160000,52800000,52800000,50160000,52800000,52800000,50160000,52800000,52800000,50160000,52800000,52800000,50160000,14600000,31800000,52800000
10/11/2021,0,0,#N/A,52800000,52800000,50160000,52800000,52800000,50160000,52800000,52800000,50160000,52800000,52800000,50160000,52800000,52800000,50160000,52800000,52800000,50160000,52800000,52800000,50160000,52800000,52800000,50160000,14600000,31800000,52800000
11/11/2021,0,0,#N/A,52800000,52800000,50160000,52800000,52800000,50160000,52800000,52800000,50160000,52800000,52800000,50160000,52800000,52800000,50160000,52800000,52800000,50160000,52800000,52800000,50160000,52800000,52800000,50160000,14600000,31800000,52800000
12/11/2021,0,0,#N/A,52800000,52800000,50160000,52800000,52800000,50160000,52800000,52800000,50160000,52800000,52800000,50160000,52800000,52800000,50160000,52800000,52800000,50160000,52800000,52800000,50160000,52800000,52800000,50160000,14600000,31800000,52800000
13/11/2021,0,0,#N/A,52800000,52800000,50160000,52800000,52800000,50160000,52800000,52800000,50160000,52800000,52800000,50160000,52800000,52800000,50160000,52800000,52800000,50160000,52800000,52800000,50160000,52800000,52800000,50160000,14600000,31800000,52800000
14/11/2021,0,0,#N/A,52800000,52800000,50160000,52800000,52800000,50160000,52800000,52800000,50160000,52800000,52800000,50160000,52800000,52800000,50160000,52800000,52800000,50160000,52800000,52800000,50160000,52800000,52800000,50160000,14600000,31800000,52800000
15/11/2021,0,0,#N/A,52800000,52800000,50160000,52800000,52800000,50160000,52800000,52800000,50160000,52800000,52800000,50160000,52800000,52800000,50160000,52800000,52800000,50160000,52800000,52800000,50160000,52800000,52800000,50160000,14600000,31800000,52800000
16/11/2021,0,0,#N/A,52800000,52800000,50160000,52800000,52800000,50160000,52800000,52800000,50160000,52800000,52800000,50160000,52800000,52800000,50160000,52800000,52800000,50160000,52800000,52800000,50160000,52800000,52800000,50160000,14600000,31800000,52800000
17/11/2021,0,0,#N/A,52800000,52800000,50160000,52800000,52800000,50160000,52800000,52800000,50160000,52800000,52800000,50160000,52800000,52800000,50160000,52800000,52800000,50160000,52800000,52800000,50160000,52800000,52800000,50160000,14600000,31800000,52800000
18/11/2021,0,0,#N/A,52800000,52800000,50160000,52800000,52800000,50160000,52800000,52800000,50160000,52800000,52800000,50160000,52800000,52800000,50160000,52800000,52800000,50160000,52800000,52800000,50160000,52800000,52800000,50160000,14600000,31800000,52800000
19/11/2021,0,0,#N/A,52800000,52800000,50160000,52800000,52800000,50160000,52800000,52800000,50160000,52800000,52800000,50160000,52800000,52800000,50160000,52800000,52800000,50160000,52800000,52800000,50160000,52800000,52800000,50160000,14600000,31800000,52800000
20/11/2021,0,0,#N/A,52800000,52800000,50160000,52800000,52800000,50160000,52800000,52800000,50160000,52800000,52800000,50160000,52800000,52800000,50160000,52800000,52800000,50160000,52800000,52800000,50160000,52800000,52800000,50160000,14600000,31800000,52800000
21/11/2021,0,0,#N/A,52800000,52800000,50160000,52800000,52800000,50160000,52800000,52800000,50160000,52800000,52800000,50160000,52800000,52800000,50160000,52800000,52800000,50160000,52800000,52800000,50160000,52800000,52800000,50160000,14600000,31800000,52800000
22/11/2021,0,0,#N/A,52800000,52800000,50160000,52800000,52800000,50160000,52800000,52800000,50160000,52800000,52800000,50160000,52800000,52800000,50160000,52800000,52800000,50160000,52800000,52800000,50160000,52800000,52800000,50160000,14600000,31800000,52800000
23/11/2021,0,0,#N/A,52800000,52800000,50160000,52800000,52800000,50160000,52800000,52800000,50160000,52800000,52800000,50160000,52800000,52800000,50160000,52800000,52800000,50160000,52800000,52800000,50160000,52800000,52800000,50160000,14600000,31800000,52800000
24/11/2021,0,0,#N/A,52800000,52800000,50160000,52800000,52800000,50160000,52800000,52800000,50160000,52800000,52800000,50160000,52800000,52800000,50160000,52800000,52800000,50160000,52800000,52800000,50160000,52800000,52800000,50160000,14600000,31800000,52800000
25/11/2021,0,0,#N/A,52800000,52800000,50160000,52800000,52800000,50160000,52800000,52800000,50160000,52800000,52800000,50160000,52800000,52800000,50160000,52800000,52800000,50160000,52800000,52800000,50160000,52800000,52800000,50160000,14600000,31800000,52800000
26/11/2021,0,0,#N/A,52800000,52800000,50160000,52800000,52800000,50160000,52800000,52800000,50160000,52800000,52800000,50160000,52800000,52800000,50160000,52800000,52800000,50160000,52800000,52800000,50160000,52800000,52800000,50160000,14600000,31800000,52800000
27/11/2021,0,0,#N/A,52800000,52800000,50160000,52800000,52800000,50160000,52800000,52800000,50160000,52800000,52800000,50160000,52800000,52800000,50160000,52800000,52800000,50160000,52800000,52800000,50160000,52800000,52800000,50160000,14600000,31800000,52800000
28/11/2021,0,0,#N/A,52800000,52800000,50160000,52800000,52800000,50160000,52800000,52800000,50160000,52800000,52800000,50160000,52800000,52800000,50160000,52800000,52800000,50160000,52800000,52800000,50160000,52800000,52800000,50160000,14600000,31800000,52800000
29/11/2021,0,0,#N/A,52800000,52800000,50160000,52800000,52800000,50160000,52800000,52800000,50160000,52800000,52800000,50160000,52800000,52800000,50160000,52800000,52800000,50160000,52800000,52800000,50160000,52800000,52800000,50160000,14600000,31800000,52800000
30/11/2021,0,0,#N/A,52800000,52800000,50160000,52800000,52800000,50160000,52800000,52800000,50160000,52800000,52800000,50160000,52800000,52800000,50160000,52800000,52800000,50160000,52800000,52800000,50160000,52800000,52800000,50160000,14600000,31800000,52800000
01/12/2021,0,0,#N/A,52800000,52800000,50160000,52800000,52800000,50160000,52800000,52800000,50160000,52800000,52800000,50160000,52800000,52800000,50160000,52800000,52800000,50160000,52800000,52800000,50160000,52800000,52800000,50160000,14600000,31800000,52800000
02/12/2021,0,0,#N/A,52800000,52800000,50160000,52800000,52800000,50160000,52800000,52800000,50160000,52800000,52800000,50160000,52800000,52800000,50160000,52800000,52800000,50160000,52800000,52800000,50160000,52800000,52800000,50160000,14600000,31800000,52800000
03/12/2021,0,0,#N/A,52800000,52800000,50160000,52800000,52800000,50160000,52800000,52800000,50160000,52800000,52800000,50160000,52800000,52800000,50160000,52800000,52800000,50160000,52800000,52800000,50160000,52800000,52800000,50160000,14600000,31800000,52800000
04/12/2021,0,0,#N/A,52800000,52800000,50160000,52800000,52800000,50160000,52800000,52800000,50160000,52800000,52800000,50160000,52800000,52800000,50160000,52800000,52800000,50160000,52800000,52800000,50160000,52800000,52800000,50160000,14600000,31800000,52800000
05/12/2021,0,0,#N/A,52800000,52800000,50160000,52800000,52800000,50160000,52800000,52800000,50160000,52800000,52800000,50160000,52800000,52800000,50160000,52800000,52800000,50160000,52800000,52800000,50160000,52800000,52800000,50160000,14600000,31800000,52800000
06/12/2021,0,0,#N/A,52800000,52800000,50160000,52800000,52800000,50160000,52800000,52800000,50160000,52800000,52800000,50160000,52800000,52800000,50160000,52800000,52800000,50160000,52800000,52800000,50160000,52800000,52800000,50160000,14600000,31800000,52800000
07/12/2021,0,0,#N/A,52800000,52800000,50160000,52800000,52800000,50160000,52800000,52800000,50160000,52800000,52800000,50160000,52800000,52800000,50160000,52800000,52800000,50160000,52800000,52800000,50160000,52800000,52800000,50160000,14600000,31800000,52800000
08/12/2021,0,0,#N/A,52800000,52800000,50160000,52800000,52800000,50160000,52800000,52800000,50160000,52800000,52800000,50160000,52800000,52800000,50160000,52800000,52800000,50160000,52800000,52800000,50160000,52800000,52800000,50160000,14600000,31800000,52800000
09/12/2021,0,0,#N/A,52800000,52800000,50160000,52800000,52800000,50160000,52800000,52800000,50160000,52800000,52800000,50160000,52800000,52800000,50160000,52800000,52800000,50160000,52800000,52800000,50160000,52800000,52800000,50160000,14600000,31800000,52800000
10/12/2021,0,0,#N/A,52800000,52800000,50160000,52800000,52800000,50160000,52800000,52800000,50160000,52800000,52800000,50160000,52800000,52800000,50160000,52800000,52800000,50160000,52800000,52800000,50160000,52800000,52800000,50160000,14600000,31800000,52800000
11/12/2021,0,0,#N/A,52800000,52800000,50160000,52800000,52800000,50160000,52800000,52800000,50160000,52800000,52800000,50160000,52800000,52800000,50160000,52800000,52800000,50160000,52800000,52800000,50160000,52800000,52800000,50160000,14600000,31800000,52800000
12/12/2021,0,0,#N/A,52800000,52800000,50160000,52800000,52800000,50160000,52800000,52800000,50160000,52800000,52800000,50160000,52800000,52800000,50160000,52800000,52800000,50160000,52800000,52800000,50160000,52800000,52800000,50160000,14600000,31800000,52800000
13/12/2021,0,0,#N/A,52800000,52800000,50160000,52800000,52800000,50160000,52800000,52800000,50160000,52800000,52800000,50160000,52800000,52800000,50160000,52800000,52800000,50160000,52800000,52800000,50160000,52800000,52800000,50160000,14600000,31800000,52800000
14/12/2021,0,0,#N/A,52800000,52800000,50160000,52800000,52800000,50160000,52800000,52800000,50160000,52800000,52800000,50160000,52800000,52800000,50160000,52800000,52800000,50160000,52800000,52800000,50160000,52800000,52800000,50160000,14600000,31800000,52800000
15/12/2021,0,0,#N/A,52800000,52800000,50160000,52800000,52800000,50160000,52800000,52800000,50160000,52800000,52800000,50160000,52800000,52800000,50160000,52800000,52800000,50160000,52800000,52800000,50160000,52800000,52800000,50160000,14600000,31800000,52800000
16/12/2021,0,0,#N/A,52800000,52800000,50160000,52800000,52800000,50160000,52800000,52800000,50160000,52800000,52800000,50160000,52800000,52800000,50160000,52800000,52800000,50160000,52800000,52800000,50160000,52800000,52800000,50160000,14600000,31800000,52800000
17/12/2021,0,0,#N/A,52800000,52800000,50160000,52800000,52800000,50160000,52800000,52800000,50160000,52800000,52800000,50160000,52800000,52800000,50160000,52800000,52800000,50160000,52800000,52800000,50160000,52800000,52800000,50160000,14600000,31800000,52800000
18/12/2021,0,0,#N/A,52800000,52800000,50160000,52800000,52800000,50160000,52800000,52800000,50160000,52800000,52800000,50160000,52800000,52800000,50160000,52800000,52800000,50160000,52800000,52800000,50160000,52800000,52800000,50160000,14600000,31800000,52800000
19/12/2021,0,0,#N/A,52800000,52800000,50160000,52800000,52800000,50160000,52800000,52800000,50160000,52800000,52800000,50160000,52800000,52800000,50160000,52800000,52800000,50160000,52800000,52800000,50160000,52800000,52800000,50160000,14600000,31800000,52800000
20/12/2021,0,0,#N/A,52800000,52800000,50160000,52800000,52800000,50160000,52800000,52800000,50160000,52800000,52800000,50160000,52800000,52800000,50160000,52800000,52800000,50160000,52800000,52800000,50160000,52800000,52800000,50160000,14600000,31800000,52800000
21/12/2021,0,0,#N/A,52800000,52800000,50160000,52800000,52800000,50160000,52800000,52800000,50160000,52800000,52800000,50160000,52800000,52800000,50160000,52800000,52800000,50160000,52800000,52800000,50160000,52800000,52800000,50160000,14600000,31800000,52800000
22/12/2021,0,0,#N/A,52800000,52800000,50160000,52800000,52800000,50160000,52800000,52800000,50160000,52800000,52800000,50160000,52800000,52800000,50160000,52800000,52800000,50160000,52800000,52800000,50160000,52800000,52800000,50160000,14600000,31800000,52800000
23/12/2021,0,0,#N/A,52800000,52800000,50160000,52800000,52800000,50160000,52800000,52800000,50160000,52800000,52800000,50160000,52800000,52800000,50160000,52800000,52800000,50160000,52800000,52800000,50160000,52800000,52800000,50160000,14600000,31800000,52800000
24/12/2021,0,0,#N/A,52800000,52800000,50160000,52800000,52800000,50160000,52800000,52800000,50160000,52800000,52800000,50160000,52800000,52800000,50160000,52800000,52800000,50160000,52800000,52800000,50160000,52800000,52800000,50160000,14600000,31800000,52800000
25/12/2021,0,0,#N/A,52800000,52800000,50160000,52800000,52800000,50160000,52800000,52800000,50160000,52800000,52800000,50160000,52800000,52800000,50160000,52800000,52800000,50160000,52800000,52800000,50160000,52800000,52800000,50160000,14600000,31800000,52800000
26/12/2021,0,0,#N/A,52800000,52800000,50160000,52800000,52800000,50160000,52800000,52800000,50160000,52800000,52800000,50160000,52800000,52800000,50160000,52800000,52800000,50160000,52800000,52800000,50160000,52800000,52800000,50160000,14600000,31800000,52800000
27/12/2021,0,0,#N/A,52800000,52800000,50160000,52800000,52800000,50160000,52800000,52800000,50160000,52800000,52800000,50160000,52800000,52800000,50160000,52800000,52800000,50160000,52800000,52800000,50160000,52800000,52800000,50160000,14600000,31800000,52800000
28/12/2021,0,0,#N/A,52800000,52800000,50160000,52800000,52800000,50160000,52800000,52800000,50160000,52800000,52800000,50160000,52800000,52800000,50160000,52800000,52800000,50160000,52800000,52800000,50160000,52800000,52800000,50160000,14600000,31800000,52800000
29/12/2021,0,0,#N/A,52800000,52800000,50160000,52800000,52800000,50160000,52800000,52800000,50160000,52800000,52800000,50160000,52800000,52800000,50160000,52800000,52800000,50160000,52800000,52800000,50160000,52800000,52800000,50160000,14600000,31800000,52800000
30/12/2021,0,0,#N/A,52800000,52800000,50160000,52800000,52800000,50160000,52800000,52800000,50160000,52800000,52800000,50160000,52800000,52800000,50160000,52800000,52800000,50160000,52800000,52800000,50160000,52800000,52800000,50160000,14600000,31800000,52800000
31/12/2021,0,0,#N/A,52800000,52800000,50160000,52800000,52800000,50160000,52800000,52800000,50160000,52800000,52800000,50160000,52800000,52800000,50160000,52800000,52800000,50160000,52800000,52800000,50160000,52800000,52800000,50160000,14600000,31800000,52800000
